"EmployeeKey","ParentEmployeeKey","EmployeeNationalIDAlternateKey","ParentEmployeeNationalIDAlternateKey","FirstName","LastName","MiddleName","NameStyle","Title","HireDate","BirthDate","LoginID","EmailAddress","Phone","MaritalStatus","EmergencyContactName","EmergencyContactPhone","SalariedFlag","Gender","PayFrequency","BaseRate","VacationHours","SickLeaveHours","CurrentFlag","SalesPersonFlag","DepartmentName","EmployeePhoto","Position"
"1","18","14417807","446466105","Guy","Gilbert","R","False","Production Technician - WC60","28/01/2006 00:00:00","12/11/1981 00:00:00","AW\guy-gilbert","guy-gilbert@adventureworks.com","320-555-0195","M","Guy Gilbert","320-555-0195","False","M","1","12,4500","21","30","True","False","Production","System.Byte[]",""
"2","7","253022876","24756624","Kevin","Brown","F","False","Marketing Assistant","26/08/2006 00:00:00","01/12/1986 00:00:00","AW\kevin-brown","kevin-brown@adventureworks.com","150-555-0189","S","Kevin Brown","150-555-0189","False","M","2","13,4615","42","41","True","False","Marketing","System.Byte[]",""
"3","14","509647174","245797967","Roberto","Tamburello","","False","Engineering Manager","11/06/2007 00:00:00","12/06/1974 00:00:00","AW\roberto-tamburello","roberto-tamburello@adventureworks.com","212-555-0187","M","Roberto Tamburello","212-555-0187","True","M","2","43,2692","2","21","True","False","Engineering","System.Byte[]",""
"4","3","112457891","509647174","Rob","Walters","","False","Senior Tool Designer","05/07/2007 00:00:00","23/07/1974 00:00:00","AW\rob-walters","rob-walters@adventureworks.com","612-555-0100","S","Rob Walters","612-555-0100","False","M","2","29,8462","48","80","True","False","Tool Design","System.Byte[]",""
"5","3","112457891","509647174","Rob","Walters","","False","Senior Tool Designer","05/07/2007 00:00:00","23/07/1974 00:00:00","AW\rob-walters","rob-walters@adventureworks.com","612-555-0100","S","Rob Walters","612-555-0100","False","M","2","29,8462","48","80","True","False","Tool Design","System.Byte[]",""
"6","267","480168528","974026903","Thierry","D'Hers","B","False","Tool Designer","11/07/2007 00:00:00","26/02/1959 00:00:00","AW\thierry-dhers","thierry-dhers@adventureworks.com","168-555-0183","M","Thierry D'Hers","168-555-0183","False","M","2","25,0000","9","24","True","False","Tool Design","System.Byte[]",""
"7","112","24756624","295847284","David","Bradley","M","False","Marketing Manager","20/07/2007 00:00:00","17/10/1974 00:00:00","AW\david-bradley","david-bradley@adventureworks.com","913-555-0172","S","David Bradley","913-555-0172","True","M","2","37,5000","40","40","True","False","Marketing","System.Byte[]",""
"8","112","24756624","295847284","David","Bradley","M","False","Marketing Manager","20/07/2007 00:00:00","17/10/1974 00:00:00","AW\david-bradley","david-bradley@adventureworks.com","913-555-0172","S","David Bradley","913-555-0172","True","M","2","37,5000","40","40","True","False","Marketing","System.Byte[]",""
"9","23","309738752","277173473","JoLynn","Dobney","M","False","Production Supervisor - WC60","26/07/2007 00:00:00","16/08/1955 00:00:00","AW\jolynn-dobney","jolynn-dobney@adventureworks.com","903-555-0145","S","JoLynn Dobney","903-555-0145","False","F","2","25,0000","82","61","True","False","Production","System.Byte[]",""
"10","189","690627818","33237992","Ruth","Ellerbrock","Ann","False","Production Technician - WC10","06/08/2007 00:00:00","03/01/1956 00:00:00","AW\ruth-ellerbrock","ruth-ellerbrock@adventureworks.com","145-555-0130","M","Ruth Ellerbrock","145-555-0130","False","F","1","13,4500","83","61","True","False","Production","System.Byte[]",""
"11","3","695256908","509647174","Gail","Erickson","A","False","Design Engineer","06/08/2007 00:00:00","27/04/1952 00:00:00","AW\gail-erickson","gail-erickson@adventureworks.com","849-555-0139","M","Gail Erickson","849-555-0139","True","F","2","32,6923","5","22","True","False","Engineering","System.Byte[]",""
"12","189","912265825","33237992","Barry","Johnson","K","False","Production Technician - WC10","07/08/2007 00:00:00","25/10/1955 00:00:00","AW\barry-johnson","barry-johnson@adventureworks.com","206-555-0180","S","Barry Johnson","206-555-0180","False","M","1","13,4500","88","64","True","False","Production","System.Byte[]",""
"13","3","998320692","509647174","Jossef","Goldberg","H","False","Design Engineer","24/08/2007 00:00:00","09/10/1958 00:00:00","AW\jossef-goldberg","jossef-goldberg@adventureworks.com","122-555-0189","M","Jossef Goldberg","122-555-0189","True","M","2","32,6923","6","23","True","False","Engineering","System.Byte[]",""
"14","112","245797967","295847284","Terri","Duffy","Lee","False","Vice President of Engineering","31/08/2007 00:00:00","01/03/1971 00:00:00","AW\terri-duffy","terri-duffy@adventureworks.com","819-555-0175","S","Terri Duffy","819-555-0175","True","F","2","63,4615","1","20","True","False","Engineering","System.Byte[]",""
"15","189","844973625","33237992","Sidney","Higa","M","False","Production Technician - WC10","02/09/2007 00:00:00","30/03/1956 00:00:00","AW\sidney-higa","sidney-higa@adventureworks.com","424-555-0189","M","Sidney Higa","424-555-0189","False","M","1","13,4500","84","62","True","False","Production","System.Byte[]",""
"16","23","233069302","277173473","Taylor","Maxwell","R","False","Production Supervisor - WC50","08/09/2007 00:00:00","31/10/1955 00:00:00","AW\taylor-maxwell","taylor-maxwell@adventureworks.com","508-555-0165","M","Taylor Maxwell","508-555-0165","False","M","2","25,0000","79","59","True","False","Production","System.Byte[]",""
"17","189","132674823","33237992","Jeffrey","Ford","L","False","Production Technician - WC10","20/09/2007 00:00:00","09/02/1956 00:00:00","AW\jeffrey-ford","jeffrey-ford@adventureworks.com","984-555-0185","S","Jeffrey Ford","984-555-0185","False","M","1","13,4500","85","62","True","False","Production","System.Byte[]",""
"18","23","446466105","277173473","Jo","Brown","A","False","Production Supervisor - WC60","27/09/2007 00:00:00","08/05/1956 00:00:00","AW\jo-brown","jo-brown@adventureworks.com","632-555-0129","S","Jo Brown","632-555-0129","False","F","2","25,0000","80","60","True","False","Production","System.Byte[]",""
"19","189","565090917","33237992","Doris","Hartwig","M","False","Production Technician - WC10","09/10/2007 00:00:00","03/11/1955 00:00:00","AW\doris-hartwig","doris-hartwig@adventureworks.com","328-555-0150","M","Doris Hartwig","328-555-0150","False","F","1","13,4500","86","63","True","False","Production","System.Byte[]",""
"20","23","494170342","277173473","John","Campbell","T","False","Production Supervisor - WC60","16/10/2007 00:00:00","07/03/1956 00:00:00","AW\john-campbell","john-campbell@adventureworks.com","435-555-0113","M","John Campbell","435-555-0113","False","M","2","25,0000","81","60","True","False","Production","System.Byte[]",""
"21","189","9659517","33237992","Diane","Glimp","R","False","Production Technician - WC10","27/10/2007 00:00:00","28/10/1955 00:00:00","AW\diane-glimp","diane-glimp@adventureworks.com","202-555-0151","M","Diane Glimp","202-555-0151","False","F","1","13,4500","87","63","True","False","Production","System.Byte[]",""
"22","177","443968955","578935259","Steven","Selikoff","T","False","Production Technician - WC30","01/07/2008 00:00:00","12/12/1976 00:00:00","AW\steven-selikoff","steven-selikoff@adventureworks.com","925-555-0114","M","Steven Selikoff","925-555-0114","False","M","1","9,5000","41","40","True","False","Production","System.Byte[]",""
"23","112","277173473","295847284","Peter","Krebs","J","False","Production Control Manager","01/07/2008 00:00:00","03/06/1982 00:00:00","AW\peter-krebs","peter-krebs@adventureworks.com","913-555-0196","M","Peter Krebs","913-555-0196","True","M","2","24,5192","43","41","True","False","Production Control","System.Byte[]",""
"24","201","835460180","332349500","Stuart","Munson","V","False","Production Technician - WC45","02/07/2008 00:00:00","13/04/1962 00:00:00","AW\stuart-munson","stuart-munson@adventureworks.com","413-555-0136","S","Stuart Munson","413-555-0136","False","M","1","10,0000","84","62","True","False","Production","System.Byte[]",""
"25","201","687685941","332349500","Greg","Alderson","F","False","Production Technician - WC45","02/07/2008 00:00:00","15/11/1975 00:00:00","AW\greg-alderson","greg-alderson@adventureworks.com","332-555-0150","S","Greg Alderson","332-555-0150","False","M","1","10,0000","85","62","True","False","Production","System.Byte[]",""
"26","188","498138869","60114406","David","Johnson","N","False","Production Technician - WC30","02/07/2008 00:00:00","02/06/1979 00:00:00","SQLSERVER2017\LabUser","david-johnson@adventureworks.com","166-555-0162","S","David Johnson","166-555-0162","False","M","1","9,5000","25","32","True","False","Production","System.Byte[]",""
"27","23","360868122","277173473","Zheng","Mu","W","False","Production Supervisor - WC10","03/07/2008 00:00:00","26/05/1983 00:00:00","AW\zheng-mu","zheng-mu@adventureworks.com","113-555-0173","S","Zheng Mu","113-555-0173","False","M","2","25,0000","66","53","True","False","Production","System.Byte[]",""
"28","111","964089218","45615666","Ivo","Salmre","William","False","Production Technician - WC20","04/07/2008 00:00:00","03/08/1981 00:00:00","AW\ivo-salmre","ivo-salmre@adventureworks.com","115-555-0179","M","Ivo Salmre","115-555-0179","False","M","1","14,0000","9","24","True","False","Production","System.Byte[]",""
"29","89","384162788","750905084","Paul","Komosinski","B","False","Production Technician - WC40","04/07/2008 00:00:00","13/06/1980 00:00:00","AW\paul-komosinski","paul-komosinski@adventureworks.com","147-555-0160","S","Paul Komosinski","147-555-0160","False","M","1","15,0000","68","54","True","False","Production","System.Byte[]",""
"30","154","749389530","858323870","Ashvini","Sharma","R","False","Network Administrator","04/07/2008 00:00:00","25/10/1976 00:00:00","AW\ashvini-sharma","ashvini-sharma@adventureworks.com","656-555-0119","S","Ashvini Sharma","656-555-0119","False","M","2","32,4519","70","55","True","False","Information Services","System.Byte[]",""
"31","16","571658797","233069302","Kendall","Keil","C","False","Production Technician - WC50","05/07/2008 00:00:00","28/12/1985 00:00:00","AW\kendall-keil","kendall-keil@adventureworks.com","138-555-0128","M","Kendall Keil","138-555-0128","False","M","1","11,0000","11","25","True","False","Production","System.Byte[]",""
"32","143","535145551","184188301","Paula","Barreto de Mattos","M","False","Human Resources Manager","06/07/2008 00:00:00","11/09/1975 00:00:00","AW\paula-barreto","paula-barreto-de-mattos@adventureworks.com","523-555-0175","M","Paula Barreto de Mattos","523-555-0175","True","F","2","27,1394","54","47","True","False","Human Resources","System.Byte[]",""
"33","214","761597760","634335025","Alejandro","McGuel","E","False","Production Technician - WC40","06/07/2008 00:00:00","05/07/1988 00:00:00","AW\alejandro-mcguel","alejandro-mcguel@adventureworks.com","668-555-0130","S","Alejandro McGuel","668-555-0130","False","M","1","15,0000","52","46","True","False","Production","System.Byte[]",""
"34","188","271438431","60114406","Garrett","Young","R","False","Production Technician - WC30","07/07/2008 00:00:00","25/03/1984 00:00:00","AW\garrett-young","garrett-young@adventureworks.com","609-555-0179","S","Garrett Young","609-555-0179","False","M","1","9,5000","34","37","True","False","Production","System.Byte[]",""
"35","138","160739235","386315192","Jian Shuo","Wang","","False","Production Technician - WC30","07/07/2008 00:00:00","24/02/1983 00:00:00","AW\jian shuo-wang","jian shuo-wang@adventureworks.com","952-555-0178","S","Jian Shuo Wang","952-555-0178","False","M","1","9,5000","36","38","True","False","Production","System.Byte[]",""
"36","87","586486572","521265716","Susan","Eaton","W","False","Stocker","07/07/2008 00:00:00","17/09/1977 00:00:00","AW\susan-eaton","susan-eaton@adventureworks.com","943-555-0196","S","Susan Eaton","943-555-0196","False","F","1","9,0000","97","68","True","False","Shipping and Receiving","System.Byte[]",""
"37","87","337752649","521265716","Vamsi","Kuppa","N","False","Shipping and Receiving Clerk","07/07/2008 00:00:00","16/10/1976 00:00:00","AW\vamsi-kuppa","vamsi-kuppa@adventureworks.com","937-555-0137","M","Vamsi Kuppa","937-555-0137","False","M","2","9,5000","95","67","True","False","Shipping and Receiving","System.Byte[]",""
"38","40","113695504","630184120","Alice","Ciccu","O","False","Production Technician - WC50","07/07/2008 00:00:00","26/08/1977 00:00:00","AW\alice-ciccu","alice-ciccu@adventureworks.com","333-555-0173","M","Alice Ciccu","333-555-0173","False","F","1","11,0000","95","67","True","False","Production","System.Byte[]",""
"39","9","276751903","309738752","Simon","Rapier","D","False","Production Technician - WC60","08/07/2008 00:00:00","15/12/1989 00:00:00","AW\simon-rapier","simon-rapier@adventureworks.com","963-555-0134","S","Simon Rapier","963-555-0134","False","M","1","12,4500","38","39","True","False","Production","System.Byte[]",""
"40","23","630184120","277173473","Jinghao","Liu","K","False","Production Supervisor - WC50","08/07/2008 00:00:00","05/09/1988 00:00:00","AW\jinghao-liu","jinghao-liu@adventureworks.com","794-555-0159","S","Jinghao Liu","794-555-0159","False","M","2","25,0000","77","58","True","False","Production","System.Byte[]",""
"41","186","545337468","862951447","Michael","Hines","T","False","Production Technician - WC20","09/07/2008 00:00:00","15/12/1989 00:00:00","AW\michael-hines","michael-hines@adventureworks.com","218-555-0126","S","Michael Hines","218-555-0126","False","M","1","14,0000","20","30","True","False","Production","System.Byte[]",""
"42","163","713403643","551834634","Yvonne","McKay","S","False","Production Technician - WC45","09/07/2008 00:00:00","13/11/1988 00:00:00","AW\yvonne-mckay","yvonne-mckay@adventureworks.com","286-555-0189","M","Yvonne McKay","286-555-0189","False","F","1","10,0000","79","59","True","False","Production","System.Byte[]",""
"43","204","885055826","398223854","Peng","Wu","J","False","Quality Assurance Supervisor","09/07/2008 00:00:00","17/10/1975 00:00:00","AW\peng-wu","peng-wu@adventureworks.com","164-555-0164","M","Peng Wu","164-555-0164","True","M","2","21,6346","81","60","True","False","Quality Assurance","System.Byte[]",""
"44","112","441044382","295847284","Jean","Trenary","E","False","Information Services Manager","11/07/2008 00:00:00","13/07/1975 00:00:00","AW\jean-trenary","jean-trenary@adventureworks.com","685-555-0120","S","Jean Trenary","685-555-0120","True","F","2","50,4808","65","52","True","False","Information Services","System.Byte[]",""
"45","76","718299860","778552911","Russell","Hunter","","False","Production Technician - WC50","12/07/2008 00:00:00","25/06/1972 00:00:00","AW\russell-hunter","russell-hunter@adventureworks.com","786-555-0144","M","Russell Hunter","786-555-0144","False","M","1","11,0000","6","23","True","False","Production","System.Byte[]",""
"46","23","685233686","277173473","A. Scott","Wright","","False","Master Scheduler","12/07/2008 00:00:00","17/04/1968 00:00:00","AW\a-scott-wright","a-scott-wright@adventureworks.com","992-555-0194","S","A. Scott Wright","992-555-0194","False","M","2","23,5577","44","42","True","False","Production Control","System.Byte[]",""
"47","214","295971920","634335025","Fred","Northup","T","False","Production Technician - WC40","12/07/2008 00:00:00","23/01/1989 00:00:00","AW\fred-northup","fred-northup@adventureworks.com","818-555-0192","S","Fred Northup","818-555-0192","False","M","1","15,0000","47","43","True","False","Production","System.Byte[]",""
"48","7","95958330","24756624","Sariya","Harnpadoungsataya","E","False","Marketing Specialist","12/07/2008 00:00:00","19/12/1986 00:00:00","AW\sariya-harnpadoungsataya","sariya-harnpadoungsataya@adventureworks.com","399-555-0176","S","Sariya Harnpadoungsataya","399-555-0176","False","M","2","14,4231","45","42","True","False","Marketing","System.Byte[]",""
"49","32","332040978","535145551","Willis","Johnson","T","False","Recruiter","13/07/2008 00:00:00","15/02/1978 00:00:00","AW\willis-johnson","willis-johnson@adventureworks.com","778-555-0141","S","Willis Johnson","778-555-0141","False","M","2","18,2692","49","44","True","False","Human Resources","System.Byte[]",""
"50","40","857651804","630184120","Jun","Cao","T","False","Production Technician - WC50","14/07/2008 00:00:00","03/02/1979 00:00:00","AW\jun-cao","jun-cao@adventureworks.com","299-555-0113","S","Jun Cao","299-555-0113","False","M","1","11,0000","90","65","True","False","Production","System.Byte[]",""
"51","222","553069203","141165819","Christian","Kleinerman","E","False","Maintenance Supervisor","14/07/2008 00:00:00","18/08/1975 00:00:00","AW\christian-kleinerman","christian-kleinerman@adventureworks.com","846-555-0157","M","Christian Kleinerman","846-555-0157","True","M","2","20,4327","92","66","True","False","Facilities and Maintenance","System.Byte[]",""
"52","188","351069889","60114406","Susan","Metters","A","False","Production Technician - WC30","14/07/2008 00:00:00","31/10/1982 00:00:00","AW\susan-metters","susan-metters@adventureworks.com","639-555-0164","S","Susan Metters","639-555-0164","False","F","1","9,5000","31","35","True","False","Production","System.Byte[]",""
"53","23","370989364","277173473","Reuben","D'sa","H","False","Production Supervisor - WC40","15/07/2008 00:00:00","27/03/1987 00:00:00","AW\reuben-dsa","reuben-dsa@adventureworks.com","191-555-0112","M","Reuben D'sa","191-555-0112","False","M","2","25,0000","72","56","True","False","Production","System.Byte[]",""
"54","126","275962311","712885347","Kirk","Koenigsbauer","J","False","Production Technician - WC45","15/07/2008 00:00:00","06/09/1984 00:00:00","AW\kirk-koenigsbauer","kirk-koenigsbauer@adventureworks.com","669-555-0150","S","Kirk Koenigsbauer","669-555-0150","False","M","1","10,0000","74","57","True","False","Production","System.Byte[]",""
"55","20","36151748","494170342","David","Ortiz","J","False","Production Technician - WC60","15/07/2008 00:00:00","29/07/1984 00:00:00","SQLSERVER2017\LabUser","david-ortiz@adventureworks.com","712-555-0119","M","David Ortiz","712-555-0119","False","M","1","12,4500","33","36","True","False","Production","System.Byte[]",""
"56","92","540688287","345106466","Tengiz","Kharatishvili","N","False","Control Specialist","16/07/2008 00:00:00","26/11/1989 00:00:00","AW\tengiz-kharatishvili","tengiz-kharatishvili@adventureworks.com","910-555-0116","S","Tengiz Kharatishvili","910-555-0116","False","M","2","16,8269","76","58","True","False","Document Control","System.Byte[]",""
"57","147","568596888","319472946","Hanying","Feng","P","False","Production Technician - WC20","16/07/2008 00:00:00","16/05/1974 00:00:00","AW\hanying-feng","hanying-feng@adventureworks.com","319-555-0139","S","Hanying Feng","319-555-0139","False","M","1","14,0000","15","27","True","False","Production","System.Byte[]",""
"58","214","918737118","634335025","Kevin","Liu","H","False","Production Technician - WC40","17/07/2008 00:00:00","25/07/1985 00:00:00","AW\kevin-liu","kevin-liu@adventureworks.com","714-555-0138","S","Kevin Liu","714-555-0138","False","M","1","15,0000","58","49","True","False","Production","System.Byte[]",""
"59","18","801758002","446466105","Annik","Stahl","O","False","Production Technician - WC60","17/07/2008 00:00:00","26/07/1976 00:00:00","AW\annik-stahl","annik-stahl@adventureworks.com","499-555-0125","M","Annik Stahl","499-555-0125","False","M","1","12,4500","17","28","True","False","Production","System.Byte[]",""
"60","40","415823523","630184120","Suroor","Fatima","R","False","Production Technician - WC50","17/07/2008 00:00:00","25/09/1977 00:00:00","AW\suroor-fatima","suroor-fatima@adventureworks.com","932-555-0161","S","Suroor Fatima","932-555-0161","False","M","1","11,0000","93","66","True","False","Production","System.Byte[]",""
"61","142","363923697","30845","Deborah","Poe","E","False","Accounts Receivable Specialist","18/07/2008 00:00:00","05/10/1975 00:00:00","AW\deborah-poe","deborah-poe@adventureworks.com","602-555-0194","M","Deborah Poe","602-555-0194","False","F","2","19,0000","60","50","True","False","Finance","System.Byte[]",""
"62","76","674171828","778552911","Jim","Scardelis","H","False","Production Technician - WC50","19/07/2008 00:00:00","08/04/1986 00:00:00","AW\jim-scardelis","jim-scardelis@adventureworks.com","679-555-0113","M","Jim Scardelis","679-555-0113","False","M","1","11,0000","1","20","True","False","Production","System.Byte[]",""
"63","177","138280935","578935259","Carole","Poland","M","False","Production Technician - WC30","19/07/2008 00:00:00","19/05/1983 00:00:00","AW\carole-poland","carole-poland@adventureworks.com","688-555-0192","M","Carole Poland","688-555-0192","False","F","1","9,5000","42","41","True","False","Production","System.Byte[]",""
"64","188","476115505","60114406","George","Li","Z","False","Production Technician - WC30","21/07/2008 00:00:00","14/11/1976 00:00:00","AW\george-li","george-li@adventureworks.com","518-555-0199","M","George Li","518-555-0199","False","M","1","9,5000","26","33","True","False","Production","System.Byte[]",""
"65","89","502058701","750905084","Gary","Yukish","W","False","Production Technician - WC40","22/07/2008 00:00:00","15/12/1987 00:00:00","AW\gary-yukish","gary-yukish@adventureworks.com","901-555-0125","S","Gary Yukish","901-555-0125","False","M","1","15,0000","69","54","True","False","Production","System.Byte[]",""
"66","23","7201901","277173473","Cristian","Petculescu","K","False","Production Supervisor - WC10","22/07/2008 00:00:00","10/11/1983 00:00:00","AW\cristian-petculescu","cristian-petculescu@adventureworks.com","434-555-0133","M","Cristian Petculescu","434-555-0133","False","M","2","25,0000","67","53","True","False","Production","System.Byte[]",""
"67","147","97728960","319472946","Raymond","Sam","K","False","Production Technician - WC20","23/07/2008 00:00:00","30/09/1966 00:00:00","AW\raymond-sam","raymond-sam@adventureworks.com","226-555-0197","M","Raymond Sam","226-555-0197","False","M","1","14,0000","10","25","True","False","Production","System.Byte[]",""
"68","44","525932996","441044382","Janaina","Bueno","Barreiro Gambaro","False","Application Specialist","23/07/2008 00:00:00","30/08/1984 00:00:00","AW\janaina-bueno","janaina-bueno@adventureworks.com","623-555-0155","M","Janaina Bueno","623-555-0155","True","F","2","27,4038","71","55","True","False","Information Services","System.Byte[]",""
"69","16","843479922","233069302","Bob","Hohman","N","False","Production Technician - WC50","24/07/2008 00:00:00","16/03/1979 00:00:00","AW\bob-hohman","bob-hohman@adventureworks.com","611-555-0116","S","Bob Hohman","611-555-0116","False","M","1","11,0000","12","26","True","False","Production","System.Byte[]",""
"70","214","370487086","634335025","Shammi","Mohamed","G","False","Production Technician - WC40","24/07/2008 00:00:00","04/05/1980 00:00:00","AW\shammi-mohamed","shammi-mohamed@adventureworks.com","793-555-0179","M","Shammi Mohamed","793-555-0179","False","M","1","15,0000","53","46","True","False","Production","System.Byte[]",""
"71","40","54759846","630184120","Linda","Moschell","K","False","Production Technician - WC50","25/07/2008 00:00:00","14/02/1987 00:00:00","AW\linda-moschell","linda-moschell@adventureworks.com","612-555-0171","M","Linda Moschell","612-555-0171","False","F","1","11,0000","96","68","True","False","Production","System.Byte[]",""
"72","32","619308550","535145551","Mindy","Martin","C","False","Benefits Specialist","25/07/2008 00:00:00","20/06/1984 00:00:00","AW\mindy-martin","mindy-martin@adventureworks.com","522-555-0147","M","Mindy Martin","522-555-0147","False","F","2","16,5865","51","45","True","False","Human Resources","System.Byte[]",""
"73","143","121491555","184188301","Wendy","Kahn","Beth","False","Finance Manager","25/07/2008 00:00:00","11/05/1984 00:00:00","AW\wendy-kahn","wendy-kahn@adventureworks.com","248-555-0134","S","Wendy Kahn","248-555-0134","True","F","2","43,2692","55","47","True","False","Finance","System.Byte[]",""
"74","87","420776180","521265716","Kim","Ralls","T","False","Stocker","26/07/2008 00:00:00","29/11/1983 00:00:00","AW\kim-ralls","kim-ralls@adventureworks.com","309-555-0129","S","Kim Ralls","309-555-0129","False","F","1","9,0000","98","69","True","False","Shipping and Receiving","System.Byte[]",""
"75","138","604664374","386315192","Sandra","Reátegui Alayo","","False","Production Technician - WC30","26/07/2008 00:00:00","05/06/1975 00:00:00","AW\sandra-reategui","sandra-reategui-alayo@adventureworks.com","896-555-0168","M","Sandra Reátegui Alayo","896-555-0168","False","F","1","9,5000","37","38","True","False","Production","System.Byte[]",""
"76","23","778552911","277173473","Kok-Ho","Loh","T","False","Production Supervisor - WC50","27/07/2008 00:00:00","27/11/1979 00:00:00","AW\kok-ho-loh","kok-ho-loh@adventureworks.com","999-555-0155","S","Kok-Ho Loh","999-555-0155","False","M","2","25,0000","78","59","True","False","Production","System.Byte[]",""
"77","163","435234965","551834634","Douglas","Hite","B","False","Production Technician - WC45","27/07/2008 00:00:00","24/06/1985 00:00:00","AW\douglas-hite","douglas-hite@adventureworks.com","808-555-0172","M","Douglas Hite","808-555-0172","False","M","1","10,0000","80","60","True","False","Production","System.Byte[]",""
"78","9","339712426","309738752","James","Kramer","D","False","Production Technician - WC60","27/07/2008 00:00:00","23/02/1984 00:00:00","AW\james-kramer","james-kramer@adventureworks.com","119-555-0117","M","James Kramer","119-555-0117","False","M","1","12,4500","39","39","True","False","Production","System.Byte[]",""
"79","43","403414852","885055826","Sean","Alexander","P","False","Quality Assurance Technician","28/07/2008 00:00:00","05/10/1975 00:00:00","AW\sean-alexander","sean-alexander@adventureworks.com","420-555-0173","S","Sean Alexander","420-555-0173","False","M","2","10,5769","82","61","True","False","Quality Assurance","System.Byte[]",""
"80","186","368920189","862951447","Nitin","Mirchandani","S","False","Production Technician - WC20","28/07/2008 00:00:00","01/07/1986 00:00:00","AW\nitin-mirchandani","nitin-mirchandani@adventureworks.com","143-555-0173","S","Nitin Mirchandani","143-555-0173","False","M","1","14,0000","21","30","True","False","Production","System.Byte[]",""
"81","162","811994146","134969118","Diane","Margheim","L","False","Research and Development Engineer","29/07/2008 00:00:00","03/01/1986 00:00:00","AW\diane-margheim","diane-margheim@adventureworks.com","815-555-0138","S","Diane Margheim","815-555-0138","True","F","2","40,8654","62","51","True","False","Research and Development","System.Byte[]",""
"82","18","330211482","446466105","Rebecca","Laszlo","A","False","Production Technician - WC60","29/07/2008 00:00:00","04/02/1988 00:00:00","AW\rebecca-laszlo","rebecca-laszlo@adventureworks.com","314-555-0113","M","Rebecca Laszlo","314-555-0113","False","F","1","12,4500","23","31","True","False","Production","System.Byte[]",""
"83","214","632092621","634335025","Rajesh","Patel","M","False","Production Technician - WC40","31/07/2008 00:00:00","04/05/1977 00:00:00","AW\rajesh-patel","rajesh-patel@adventureworks.com","373-555-0137","M","Rajesh Patel","373-555-0137","False","M","1","15,0000","48","44","True","False","Production","System.Byte[]",""
"84","32","264306399","535145551","Vidur","Luthra","X","False","Recruiter","01/08/2008 00:00:00","01/03/1984 00:00:00","AW\vidur-luthra","vidur-luthra@adventureworks.com","153-555-0186","S","Vidur Luthra","153-555-0186","False","M","2","18,2692","50","45","True","False","Human Resources","System.Byte[]",""
"85","40","981597097","630184120","John","Evans","P","False","Production Technician - WC50","01/08/2008 00:00:00","29/12/1977 00:00:00","AW\john-evans","john-evans@adventureworks.com","172-555-0130","S","John Evans","172-555-0130","False","M","1","11,0000","91","65","True","False","Production","System.Byte[]",""
"86","9","693325305","309738752","Nancy","Anderson","A","False","Production Technician - WC60","02/08/2008 00:00:00","19/06/1988 00:00:00","AW\nancy-anderson","nancy-anderson@adventureworks.com","970-555-0118","M","Nancy Anderson","970-555-0118","False","F","1","12,4500","34","37","True","False","Production","System.Byte[]",""
"87","23","521265716","277173473","Pilar","Ackerman","G","False","Shipping and Receiving Supervisor","02/08/2008 00:00:00","09/04/1972 00:00:00","AW\pilar-ackerman","pilar-ackerman@adventureworks.com","577-555-0185","S","Pilar Ackerman","577-555-0185","True","M","2","19,2308","93","66","True","False","Shipping and Receiving","System.Byte[]",""
"88","188","746373306","60114406","David","Yalovsky","A","False","Production Technician - WC30","02/08/2008 00:00:00","03/03/1981 00:00:00","SQLSERVER2017\LabUser","david-yalovsky@adventureworks.com","373-555-0142","S","David Yalovsky","373-555-0142","False","M","1","9,5000","32","36","True","False","Production","System.Byte[]",""
"89","23","750905084","277173473","David","Hamilton","P","False","Production Supervisor - WC40","03/08/2008 00:00:00","30/01/1983 00:00:00","SQLSERVER2017\LabUser","david-hamilton@adventureworks.com","986-555-0177","S","David Hamilton","986-555-0177","False","M","2","25,0000","73","56","True","False","Production","System.Byte[]",""
"90","126","514829225","712885347","Laura","Steele","C","False","Production Technician - WC45","03/08/2008 00:00:00","25/07/1980 00:00:00","AW\laura-steele","laura-steele@adventureworks.com","777-555-0141","S","Laura Steele","777-555-0141","False","F","1","10,0000","75","57","True","False","Production","System.Byte[]",""
"91","18","750246141","446466105","Margie","Shoop","W","False","Production Technician - WC60","04/08/2008 00:00:00","18/12/1985 00:00:00","AW\margie-shoop","margie-shoop@adventureworks.com","818-555-0128","M","Margie Shoop","818-555-0128","False","F","1","12,4500","18","29","True","False","Production","System.Byte[]",""
"92","204","345106466","398223854","Zainal","Arifin","T","False","Document Control Manager","04/08/2008 00:00:00","30/08/1975 00:00:00","AW\zainal-arifin","zainal-arifin@adventureworks.com","204-555-0115","M","Zainal Arifin","204-555-0115","False","M","2","17,7885","77","58","True","False","Document Control","System.Byte[]",""
"93","214","19312190","634335025","Lorraine","Nay","O","False","Production Technician - WC40","04/08/2008 00:00:00","26/06/1988 00:00:00","AW\lorraine-nay","lorraine-nay@adventureworks.com","845-555-0184","M","Lorraine Nay","845-555-0184","False","F","1","15,0000","49","44","True","False","Production","System.Byte[]",""
"94","147","212801092","319472946","Fadi","Fakhouri","K","False","Production Technician - WC20","04/08/2008 00:00:00","15/09/1988 00:00:00","AW\fadi-fakhouri","fadi-fakhouri@adventureworks.com","935-555-0116","S","Fadi Fakhouri","935-555-0116","False","M","1","14,0000","16","28","True","False","Production","System.Byte[]",""
"95","53","769680433","370989364","Ryan","Cornelsen","L","False","Production Technician - WC40","05/08/2008 00:00:00","12/01/1972 00:00:00","AW\ryan-cornelsen","ryan-cornelsen@adventureworks.com","208-555-0114","M","Ryan Cornelsen","208-555-0114","False","M","1","15,0000","59","49","True","False","Production","System.Byte[]",""
"96","142","60517918","30845","Candy","Spoon","L","False","Accounts Receivable Specialist","06/08/2008 00:00:00","23/09/1975 00:00:00","AW\candy-spoon","candy-spoon@adventureworks.com","920-555-0177","S","Candy Spoon","920-555-0177","False","F","2","19,0000","61","50","True","False","Finance","System.Byte[]",""
"97","76","431859843","778552911","Nuan","Yu","","False","Production Technician - WC50","06/08/2008 00:00:00","27/10/1978 00:00:00","AW\nuan-yu","nuan-yu@adventureworks.com","913-555-0184","S","Nuan Yu","913-555-0184","False","M","1","11,0000","2","21","True","False","Production","System.Byte[]",""
"98","46","621209647","685233686","William","Vong","S","False","Scheduling Assistant","07/08/2008 00:00:00","06/06/1981 00:00:00","AW\william-vong","william-vong@adventureworks.com","148-555-0145","M","William Vong","148-555-0145","False","M","2","16,0000","45","42","True","False","Production Control","System.Byte[]",""
"99","46","621209647","685233686","William","Vong","S","False","Scheduling Assistant","07/08/2008 00:00:00","06/06/1981 00:00:00","AW\william-vong","william-vong@adventureworks.com","148-555-0145","M","William Vong","148-555-0145","False","M","2","16,0000","45","42","True","False","Production Control","System.Byte[]",""
"100","177","420023788","578935259","Bjorn","Rettig","M","False","Production Technician - WC30","07/08/2008 00:00:00","06/06/1989 00:00:00","AW\bjorn-rettig","bjorn-rettig@adventureworks.com","199-555-0117","S","Bjorn Rettig","199-555-0117","False","M","1","9,5000","43","41","True","False","Production","System.Byte[]",""
"101","201","199546871","332349500","Scott","Gode","R","False","Production Technician - WC45","08/08/2008 00:00:00","10/09/1986 00:00:00","AW\scott-gode","scott-gode@adventureworks.com","391-555-0138","M","Scott Gode","391-555-0138","False","M","1","10,0000","86","63","True","False","Production","System.Byte[]",""
"102","89","830150469","750905084","Michael","Rothkugel","L","False","Production Technician - WC40","10/08/2008 00:00:00","04/08/1990 00:00:00","AW\michael-rothkugel","michael-rothkugel@adventureworks.com","454-555-0119","S","Michael Rothkugel","454-555-0119","False","M","1","15,0000","70","55","True","False","Production","System.Byte[]",""
"103","147","322160340","319472946","Lane","Sacksteder","M","False","Production Technician - WC20","11/08/2008 00:00:00","23/04/1974 00:00:00","AW\lane-sacksteder","lane-sacksteder@adventureworks.com","200-555-0117","M","Lane Sacksteder","200-555-0117","False","M","1","14,0000","11","25","True","False","Production","System.Byte[]",""
"104","16","827686041","233069302","Pete","Male","C","False","Production Technician - WC50","11/08/2008 00:00:00","03/09/1976 00:00:00","AW\pete-male","pete-male@adventureworks.com","768-555-0123","S","Pete Male","768-555-0123","False","M","1","11,0000","13","26","True","False","Production","System.Byte[]",""
"105","44","671089628","441044382","Dan","Bacon","K","False","Application Specialist","11/08/2008 00:00:00","24/01/1981 00:00:00","AW\dan-bacon","dan-bacon@adventureworks.com","166-555-0159","M","Dan Bacon","166-555-0159","True","M","2","27,4038","72","56","True","False","Information Services","System.Byte[]",""
"106","143","231203233","184188301","David","Barber","M","False","Assistant to the Chief Financial Officer","12/08/2008 00:00:00","20/01/1964 00:00:00","SQLSERVER2017\LabUser","david-barber@adventureworks.com","477-555-0132","S","David Barber","477-555-0132","False","M","2","13,4615","56","48","True","False","Finance","System.Byte[]",""
"107","76","204035155","778552911","Lolan","Song","B","False","Production Technician - WC50","12/08/2008 00:00:00","24/08/1972 00:00:00","AW\lolan-song","lolan-song@adventureworks.com","582-555-0178","M","Lolan Song","582-555-0178","False","M","1","11,0000","7","23","True","False","Production","System.Byte[]",""
"108","214","992874797","634335025","Paula","Nartker","R","False","Production Technician - WC40","12/08/2008 00:00:00","10/09/1986 00:00:00","AW\paula-nartker","paula-nartker@adventureworks.com","476-555-0119","M","Paula Nartker","476-555-0119","False","F","1","15,0000","54","47","True","False","Production","System.Byte[]",""
"109","7","767955365","24756624","Mary","Gibson","E","False","Marketing Specialist","12/08/2008 00:00:00","13/04/1962 00:00:00","AW\mary-gibson","mary-gibson@adventureworks.com","531-555-0183","M","Mary Gibson","531-555-0183","False","F","2","14,4231","46","43","True","False","Marketing","System.Byte[]",""
"110","40","342607223","630184120","Mindaugas","Krapauskas","J","False","Production Technician - WC50","13/08/2008 00:00:00","05/12/1977 00:00:00","AW\mindaugas-krapauskas","mindaugas-krapauskas@adventureworks.com","637-555-0120","M","Mindaugas Krapauskas","637-555-0120","False","M","1","11,0000","97","68","True","False","Production","System.Byte[]",""
"111","23","45615666","277173473","Eric","Gubbels","","False","Production Supervisor - WC20","14/08/2008 00:00:00","19/08/1984 00:00:00","AW\eric-gubbels","eric-gubbels@adventureworks.com","260-555-0119","M","Eric Gubbels","260-555-0119","False","M","2","25,0000","40","40","True","False","Production","System.Byte[]",""
"112","","295847284","","Ken","Sánchez","J","False","Chief Executive Officer","14/08/2008 00:00:00","29/08/1968 00:00:00","AW\ken-sanchez","ken-sanchez@adventureworks.com","697-555-0142","S","Ken Sánchez","697-555-0142","True","M","2","125,5000","99","69","True","False","Executive","System.Byte[]",""
"113","138","733022683","386315192","Jason","Watters","M","False","Production Technician - WC30","14/08/2008 00:00:00","07/07/1988 00:00:00","AW\jason-watters","jason-watters@adventureworks.com","571-555-0179","S","Jason Watters","571-555-0179","False","M","1","9,5000","38","39","True","False","Production","System.Byte[]",""
"114","43","381772114","885055826","Mark","Harrington","L","False","Quality Assurance Technician","15/08/2008 00:00:00","28/11/1985 00:00:00","AW\mark-harrington","mark-harrington@adventureworks.com","147-555-0179","S","Mark Harrington","147-555-0179","False","M","2","10,5769","83","61","True","False","Quality Assurance","System.Byte[]",""
"115","163","187369436","551834634","Janeth","Esteves","M","False","Production Technician - WC45","15/08/2008 00:00:00","22/02/1972 00:00:00","AW\janeth-esteves","janeth-esteves@adventureworks.com","540-555-0191","S","Janeth Esteves","540-555-0191","False","F","1","10,0000","81","60","True","False","Production","System.Byte[]",""
"116","188","364818297","60114406","Marc","Ingle","J","False","Production Technician - WC30","16/08/2008 00:00:00","24/05/1986 00:00:00","AW\marc-ingle","marc-ingle@adventureworks.com","234-555-0169","M","Marc Ingle","234-555-0169","False","M","1","9,5000","22","31","True","False","Production","System.Byte[]",""
"117","162","658797903","134969118","Gigi","Matthew","N","False","Research and Development Engineer","16/08/2008 00:00:00","21/08/1978 00:00:00","AW\gigi-matthew","gigi-matthew@adventureworks.com","185-555-0186","M","Gigi Matthew","185-555-0186","True","F","2","40,8654","63","51","True","False","Research and Development","System.Byte[]",""
"118","111","886023130","45615666","Paul","Singh","R","False","Production Technician - WC20","17/08/2008 00:00:00","04/06/1990 00:00:00","AW\paul-singh","paul-singh@adventureworks.com","727-555-0112","M","Paul Singh","727-555-0112","False","M","1","14,0000","6","23","True","False","Production","System.Byte[]",""
"119","214","749211824","634335025","Frank","Lee","T","False","Production Technician - WC40","17/08/2008 00:00:00","06/04/1987 00:00:00","AW\frank-lee","frank-lee@adventureworks.com","158-555-0191","M","Frank Lee","158-555-0191","False","M","1","15,0000","56","48","True","False","Production","System.Byte[]",""
"120","44","643805155","441044382","François","Ajenstat","P","False","Database Administrator","17/08/2008 00:00:00","13/06/1980 00:00:00","AW\francois-ajenstat","francois-ajenstat@adventureworks.com","785-555-0110","S","François Ajenstat","785-555-0110","True","M","2","38,4615","67","53","True","False","Information Services","System.Byte[]",""
"121","16","92096924","233069302","Diane","Tibbott","H","False","Production Technician - WC50","18/08/2008 00:00:00","09/03/1989 00:00:00","AW\diane-tibbott","diane-tibbott@adventureworks.com","361-555-0180","S","Diane Tibbott","361-555-0180","False","F","1","11,0000","8","24","True","False","Production","System.Byte[]",""
"122","7","72636981","24756624","Jill","Williams","A","False","Marketing Specialist","18/08/2008 00:00:00","16/01/1979 00:00:00","AW\jill-williams","jill-williams@adventureworks.com","510-555-0121","M","Jill Williams","510-555-0121","False","F","2","14,4231","47","43","True","False","Marketing","System.Byte[]",""
"123","40","563680513","630184120","Angela","Barbariol","W","False","Production Technician - WC50","20/08/2008 00:00:00","29/12/1990 00:00:00","AW\angela-barbariol","angela-barbariol@adventureworks.com","150-555-0194","S","Angela Barbariol","150-555-0194","False","F","1","11,0000","92","66","True","False","Production","System.Byte[]",""
"124","87","584205124","521265716","Matthias","Berndt","T","False","Shipping and Receiving Clerk","20/08/2008 00:00:00","11/06/1973 00:00:00","AW\matthias-berndt","matthias-berndt@adventureworks.com","139-555-0120","M","Matthias Berndt","139-555-0120","False","M","2","9,5000","94","67","True","False","Shipping and Receiving","System.Byte[]",""
"125","9","458159238","309738752","Bryan","Baker","","False","Production Technician - WC60","21/08/2008 00:00:00","27/03/1973 00:00:00","AW\bryan-baker","bryan-baker@adventureworks.com","712-555-0113","S","Bryan Baker","712-555-0113","False","M","1","12,4500","35","37","True","False","Production","System.Byte[]",""
"126","23","712885347","277173473","Jeff","Hay","V","False","Production Supervisor - WC45","21/08/2008 00:00:00","15/08/1976 00:00:00","AW\jeff-hay","jeff-hay@adventureworks.com","350-555-0167","M","Jeff Hay","350-555-0167","False","M","2","25,0000","74","57","True","False","Production","System.Byte[]",""
"127","188","87268837","60114406","Eugene","Zabokritski","R","False","Production Technician - WC30","21/08/2008 00:00:00","12/02/1987 00:00:00","AW\eugene-zabokritski","eugene-zabokritski@adventureworks.com","241-555-0191","S","Eugene Zabokritski","241-555-0191","False","M","1","9,5000","33","36","True","False","Production","System.Byte[]",""
"128","186","969985265","862951447","Barbara","Decker","S","False","Production Technician - WC20","22/08/2008 00:00:00","29/07/1984 00:00:00","AW\barbara-decker","barbara-decker@adventureworks.com","119-555-0192","M","Barbara Decker","119-555-0192","False","F","1","14,0000","17","28","True","False","Production","System.Byte[]",""
"129","126","539490372","712885347","Chris","Preston","T","False","Production Technician - WC45","22/08/2008 00:00:00","16/07/1988 00:00:00","AW\chris-preston","chris-preston@adventureworks.com","200-555-0112","M","Chris Preston","200-555-0112","False","M","1","10,0000","76","58","True","False","Production","System.Byte[]",""
"130","92","242381745","345106466","Sean","Chai","N","False","Document Control Assistant","22/08/2008 00:00:00","10/10/1986 00:00:00","AW\sean-chai","sean-chai@adventureworks.com","205-555-0132","S","Sean Chai","205-555-0132","False","M","2","10,2500","78","59","True","False","Document Control","System.Byte[]",""
"131","44","929666391","441044382","Dan","Wilson","B","False","Database Administrator","22/08/2008 00:00:00","06/08/1975 00:00:00","AW\dan-wilson","dan-wilson@adventureworks.com","653-555-0144","M","Dan Wilson","653-555-0144","True","M","2","38,4615","66","53","True","False","Information Services","System.Byte[]",""
"132","18","948320468","446466105","Mark","McArthur","K","False","Production Technician - WC60","23/08/2008 00:00:00","25/04/1979 00:00:00","AW\mark-mcarthur","mark-mcarthur@adventureworks.com","417-555-0154","S","Mark McArthur","417-555-0154","False","M","1","12,4500","19","29","True","False","Production","System.Byte[]",""
"133","142","931190412","30845","Bryan","Walton","A","False","Accounts Receivable Specialist","24/08/2008 00:00:00","20/04/1984 00:00:00","AW\bryan-walton","bryan-walton@adventureworks.com","935-555-0199","S","Bryan Walton","935-555-0199","False","M","2","19,0000","62","51","True","False","Finance","System.Byte[]",""
"134","76","153288994","778552911","Houman","Pournasseh","N","False","Production Technician - WC50","25/08/2008 00:00:00","30/03/1971 00:00:00","AW\houman-pournasseh","houman-pournasseh@adventureworks.com","180-555-0136","M","Houman Pournasseh","180-555-0136","False","M","1","11,0000","3","21","True","False","Production","System.Byte[]",""
"135","46","981495526","685233686","Sairaj","Uddin","L","False","Scheduling Assistant","26/08/2008 00:00:00","22/07/1987 00:00:00","AW\sairaj-uddin","sairaj-uddin@adventureworks.com","500-555-0159","M","Sairaj Uddin","500-555-0159","False","M","2","16,0000","46","43","True","False","Production Control","System.Byte[]",""
"136","177","363996959","578935259","Michiko","Osada","F","False","Production Technician - WC30","26/08/2008 00:00:00","25/01/1982 00:00:00","AW\michiko-osada","michiko-osada@adventureworks.com","984-555-0148","S","Michiko Osada","984-555-0148","False","M","1","9,5000","44","42","True","False","Production","System.Byte[]",""
"137","188","585408256","60114406","Benjamin","Martin","R","False","Production Technician - WC30","27/08/2008 00:00:00","05/08/1985 00:00:00","AW\benjamin-martin","benjamin-martin@adventureworks.com","533-555-0111","S","Benjamin Martin","533-555-0111","False","M","1","9,5000","28","34","True","False","Production","System.Byte[]",""
"138","23","386315192","277173473","Cynthia","Randall","S","False","Production Supervisor - WC30","27/08/2008 00:00:00","18/03/1981 00:00:00","AW\cynthia-randall","cynthia-randall@adventureworks.com","352-555-0138","S","Cynthia Randall","352-555-0138","False","F","2","25,0000","69","54","True","False","Production","System.Byte[]",""
"139","201","167554340","332349500","Kathie","Flood","E","False","Production Technician - WC45","27/08/2008 00:00:00","01/06/1990 00:00:00","AW\kathie-flood","kathie-flood@adventureworks.com","446-555-0118","M","Kathie Flood","446-555-0118","False","F","1","10,0000","87","63","True","False","Production","System.Byte[]",""
"140","18","410742000","446466105","Britta","Simon","L","False","Production Technician - WC60","29/08/2008 00:00:00","28/04/1989 00:00:00","AW\britta-simon","britta-simon@adventureworks.com","955-555-0169","M","Britta Simon","955-555-0169","False","F","1","12,4500","14","27","True","False","Production","System.Byte[]",""
"141","214","746201340","634335025","Brian","Lloyd","T","False","Production Technician - WC40","29/08/2008 00:00:00","10/09/1976 00:00:00","AW\brian-lloyd","brian-lloyd@adventureworks.com","110-555-0182","S","Brian Lloyd","110-555-0182","False","M","1","15,0000","55","47","True","False","Production","System.Byte[]",""
"142","143","30845","184188301","David","Liu","J","False","Accounts Manager","30/08/2008 00:00:00","05/02/1983 00:00:00","SQLSERVER2017\LabUser","david-liu@adventureworks.com","646-555-0185","M","David Liu","646-555-0185","True","M","2","34,7356","57","48","True","False","Finance","System.Byte[]",""
"143","112","184188301","295847284","Laura","Norman","F","False","Chief Financial Officer","31/08/2008 00:00:00","06/08/1975 00:00:00","AW\laura-norman","laura-norman@adventureworks.com","615-555-0110","M","Laura Norman","615-555-0110","True","F","2","60,0962","0","20","True","False","Executive","System.Byte[]",""
"144","112","184188301","295847284","Laura","Norman","F","False","Chief Financial Officer","31/08/2008 00:00:00","06/08/1975 00:00:00","AW\laura-norman","laura-norman@adventureworks.com","615-555-0110","M","Laura Norman","615-555-0110","True","F","2","60,0962","0","20","True","False","Executive","System.Byte[]",""
"145","40","398737566","630184120","Michael","Patten","W","False","Production Technician - WC50","31/08/2008 00:00:00","01/12/1973 00:00:00","AW\michael-patten","michael-patten@adventureworks.com","441-555-0195","S","Michael Patten","441-555-0195","False","M","1","11,0000","98","69","True","False","Production","System.Byte[]",""
"146","138","764853868","386315192","Andy","Ruth","M","False","Production Technician - WC30","31/08/2008 00:00:00","20/05/1983 00:00:00","AW\andy-ruth","andy-ruth@adventureworks.com","118-555-0110","M","Andy Ruth","118-555-0110","False","M","1","9,5000","39","39","True","False","Production","System.Byte[]",""
"147","23","319472946","277173473","Yuhong","Li","L","False","Production Supervisor - WC20","01/09/2008 00:00:00","04/11/1976 00:00:00","AW\yuhong-li","yuhong-li@adventureworks.com","965-555-0155","M","Yuhong Li","965-555-0155","False","M","2","25,0000","41","40","True","False","Production","System.Byte[]",""
"148","163","456839592","551834634","Robert","Rounthwaite","J","False","Production Technician - WC45","02/09/2008 00:00:00","28/09/1984 00:00:00","AW\robert-rounthwaite","robert-rounthwaite@adventureworks.com","589-555-0147","S","Robert Rounthwaite","589-555-0147","False","M","1","10,0000","82","61","True","False","Production","System.Byte[]",""
"149","43","131471224","885055826","Andreas","Berglund","T","False","Quality Assurance Technician","02/09/2008 00:00:00","26/10/1988 00:00:00","AW\andreas-berglund","andreas-berglund@adventureworks.com","181-555-0124","M","Andreas Berglund","181-555-0124","False","M","2","10,5769","84","62","True","False","Quality Assurance","System.Byte[]",""
"150","188","259388196","60114406","Reed","Koch","T","False","Production Technician - WC30","02/09/2008 00:00:00","08/08/1988 00:00:00","AW\reed-koch","reed-koch@adventureworks.com","678-555-0110","M","Reed Koch","678-555-0110","False","M","1","9,5000","23","31","True","False","Production","System.Byte[]",""
"151","147","812797414","319472946","Linda","Randall","A","False","Production Technician - WC20","03/09/2008 00:00:00","05/05/1977 00:00:00","AW\linda-randall","linda-randall@adventureworks.com","696-555-0157","S","Linda Randall","696-555-0157","False","F","1","14,0000","12","26","True","False","Production","System.Byte[]",""
"152","112","519899904","295847284","James","Hamilton","R","False","Vice President of Production","03/09/2008 00:00:00","04/02/1988 00:00:00","AW\james-hamilton","james-hamilton@adventureworks.com","870-555-0122","S","James Hamilton","870-555-0122","True","M","2","84,1346","64","52","True","False","Production","System.Byte[]",""
"153","44","314747499","441044382","Ramesh","Meyyappan","V","False","Application Specialist","03/09/2008 00:00:00","12/10/1987 00:00:00","AW\ramesh-meyyappan","ramesh-meyyappan@adventureworks.com","182-555-0134","S","Ramesh Meyyappan","182-555-0134","True","M","2","27,4038","73","56","True","False","Information Services","System.Byte[]",""
"154","44","858323870","441044382","Stephanie","Conroy","A","False","Network Manager","04/09/2008 00:00:00","24/10/1983 00:00:00","AW\stephanie-conroy","stephanie-conroy@adventureworks.com","594-555-0110","S","Stephanie Conroy","594-555-0110","True","F","2","39,6635","68","54","True","False","Information Services","System.Byte[]",""
"155","111","25011600","45615666","Samantha","Smith","H","False","Production Technician - WC20","04/09/2008 00:00:00","22/06/1987 00:00:00","AW\samantha-smith","samantha-smith@adventureworks.com","587-555-0114","M","Samantha Smith","587-555-0114","False","F","1","14,0000","7","23","True","False","Production","System.Byte[]",""
"156","214","436757988","634335025","Tawana","Nusbaum","G","False","Production Technician - WC40","05/09/2008 00:00:00","10/06/1989 00:00:00","AW\tawana-nusbaum","tawana-nusbaum@adventureworks.com","368-555-0113","S","Tawana Nusbaum","368-555-0113","False","M","1","15,0000","50","45","True","False","Production","System.Byte[]",""
"157","16","652535724","233069302","Denise","Smith","H","False","Production Technician - WC50","05/09/2008 00:00:00","04/02/1988 00:00:00","AW\denise-smith","denise-smith@adventureworks.com","869-555-0119","M","Denise Smith","869-555-0119","False","F","1","11,0000","9","24","True","False","Production","System.Byte[]",""
"158","32","416679555","535145551","Hao","Chen","O","False","Human Resources Administrative Assistant","06/09/2008 00:00:00","15/11/1976 00:00:00","AW\hao-chen","hao-chen@adventureworks.com","806-555-0136","S","Hao Chen","806-555-0136","False","M","2","13,9423","52","46","True","False","Human Resources","System.Byte[]",""
"159","126","377784364","712885347","Alex","Nayberg","M","False","Production Technician - WC45","08/09/2008 00:00:00","11/11/1989 00:00:00","AW\alex-nayberg","alex-nayberg@adventureworks.com","819-555-0198","M","Alex Nayberg","819-555-0198","False","M","1","10,0000","77","58","True","False","Production","System.Byte[]",""
"160","9","66073987","309738752","Eugene","Kogan","O","False","Production Technician - WC60","08/09/2008 00:00:00","10/09/1975 00:00:00","AW\eugene-kogan","eugene-kogan@adventureworks.com","173-555-0179","S","Eugene Kogan","173-555-0179","False","M","1","12,4500","36","38","True","False","Production","System.Byte[]",""
"161","18","999440576","446466105","Brandon","Heidepriem","G","False","Production Technician - WC60","08/09/2008 00:00:00","10/08/1976 00:00:00","AW\brandon-heidepriem","brandon-heidepriem@adventureworks.com","429-555-0137","M","Brandon Heidepriem","429-555-0137","False","M","1","12,4500","22","31","True","False","Production","System.Byte[]",""
"162","3","134969118","509647174","Dylan","Miller","A","False","Research and Development Manager","08/09/2008 00:00:00","24/09/1986 00:00:00","AW\dylan-miller","dylan-miller@adventureworks.com","181-555-0156","M","Dylan Miller","181-555-0156","True","M","2","50,4808","61","50","True","False","Research and Development","System.Byte[]",""
"163","23","551834634","277173473","Shane","Kim","S","False","Production Supervisor - WC45","08/09/2008 00:00:00","22/12/1989 00:00:00","AW\shane-kim","shane-kim@adventureworks.com","810-555-0178","S","Shane Kim","810-555-0178","False","M","2","25,0000","75","57","True","False","Production","System.Byte[]",""
"164","186","305522471","862951447","John","Chen","Y","False","Production Technician - WC20","09/09/2008 00:00:00","03/11/1985 00:00:00","AW\john-chen","john-chen@adventureworks.com","201-555-0163","M","John Chen","201-555-0163","False","M","1","14,0000","18","29","True","False","Production","System.Byte[]",""
"165","92","260770918","345106466","Karen","Berge","R","False","Document Control Assistant","09/09/2008 00:00:00","25/07/1975 00:00:00","AW\karen-berge","karen-berge@adventureworks.com","746-555-0164","M","Karen Berge","746-555-0164","False","F","2","10,2500","79","59","True","False","Document Control","System.Byte[]",""
"166","18","788456780","446466105","Jose","Lugo","R","False","Production Technician - WC60","10/09/2008 00:00:00","29/02/1984 00:00:00","AW\jose-lugo","jose-lugo@adventureworks.com","587-555-0115","M","Jose Lugo","587-555-0115","False","M","1","12,4500","20","30","True","False","Production","System.Byte[]",""
"167","76","370581729","778552911","Mandar","Samant","H","False","Production Technician - WC50","10/09/2008 00:00:00","19/10/1985 00:00:00","AW\mandar-samant","mandar-samant@adventureworks.com","140-555-0132","S","Mandar Samant","140-555-0132","False","M","1","11,0000","0","20","True","False","Production","System.Byte[]",""
"168","278","603686790","895209680","Mikael","Sandberg","Q","False","Buyer","10/09/2008 00:00:00","17/03/1984 00:00:00","AW\mikael-sandberg","mikael-sandberg@adventureworks.com","309-555-0170","S","Mikael Sandberg","309-555-0170","False","M","2","18,2692","59","49","True","False","Purchasing","System.Byte[]",""
"169","76","152085091","778552911","Sameer","Tejani","A","False","Production Technician - WC50","11/09/2008 00:00:00","24/01/1978 00:00:00","AW\sameer-tejani","sameer-tejani@adventureworks.com","990-555-0172","M","Sameer Tejani","990-555-0172","False","M","1","11,0000","4","22","True","False","Production","System.Byte[]",""
"170","142","663843431","30845","Dragan","Tomic","K","False","Accounts Payable Specialist","11/09/2008 00:00:00","14/09/1976 00:00:00","AW\dragan-tomic","dragan-tomic@adventureworks.com","117-555-0185","M","Dragan Tomic","117-555-0185","False","M","2","19,0000","63","51","True","False","Finance","System.Byte[]",""
"171","177","227319668","578935259","Carol","Philips","M","False","Production Technician - WC30","12/09/2008 00:00:00","17/05/1988 00:00:00","AW\carol-philips","carol-philips@adventureworks.com","609-555-0153","M","Carol Philips","609-555-0153","False","F","1","9,5000","45","42","True","False","Production","System.Byte[]",""
"172","89","578953538","750905084","Rob","Caron","T","False","Production Technician - WC40","13/09/2008 00:00:00","04/03/1973 00:00:00","AW\rob-caron","rob-caron@adventureworks.com","238-555-0116","S","Rob Caron","238-555-0116","False","M","1","15,0000","71","55","True","False","Production","System.Byte[]",""
"173","40","222400012","630184120","Don","Hall","L","False","Production Technician - WC50","13/09/2008 00:00:00","11/01/1971 00:00:00","AW\don-hall","don-hall@adventureworks.com","100-555-0174","M","Don Hall","100-555-0174","False","M","1","11,0000","88","64","True","False","Production","System.Byte[]",""
"174","46","470689086","685233686","Alan","Brewer","J","False","Scheduling Assistant","13/09/2008 00:00:00","28/10/1983 00:00:00","AW\alan-brewer","alan-brewer@adventureworks.com","438-555-0172","M","Alan Brewer","438-555-0172","False","M","2","16,0000","47","43","True","False","Production Control","System.Byte[]",""
"175","188","860123571","60114406","David","Lawrence","Oliver","False","Production Technician - WC30","14/09/2008 00:00:00","23/04/1985 00:00:00","SQLSERVER2017\LabUser","david-lawrence@adventureworks.com","118-555-0177","M","David Lawrence","118-555-0177","False","M","1","9,5000","29","34","True","False","Production","System.Byte[]",""
"176","89","273260055","750905084","Baris","Cetinok","F","False","Production Technician - WC40","15/09/2008 00:00:00","07/05/1990 00:00:00","AW\baris-cetinok","baris-cetinok@adventureworks.com","164-555-0114","S","Baris Cetinok","164-555-0114","False","M","1","15,0000","72","56","True","False","Production","System.Byte[]",""
"177","23","578935259","277173473","Michael","Ray","Sean","False","Production Supervisor - WC30","15/09/2008 00:00:00","29/08/1988 00:00:00","AW\michael-ray","michael-ray@adventureworks.com","156-555-0199","S","Michael Ray","156-555-0199","False","M","2","25,0000","70","55","True","False","Production","System.Byte[]",""
"178","20","752513276","494170342","Steve","Masters","F","False","Production Technician - WC60","15/09/2008 00:00:00","04/11/1990 00:00:00","AW\steve-masters","steve-masters@adventureworks.com","712-555-0170","S","Steve Masters","712-555-0170","False","M","1","12,4500","31","35","True","False","Production","System.Byte[]",""
"179","18","754372876","446466105","Suchitra","Mohan","O","False","Production Technician - WC60","16/09/2008 00:00:00","08/01/1987 00:00:00","AW\suchitra-mohan","suchitra-mohan@adventureworks.com","753-555-0129","M","Suchitra Mohan","753-555-0129","False","F","1","12,4500","15","27","True","False","Production","System.Byte[]",""
"180","44","58317344","441044382","Karen","Berg","A","False","Application Specialist","16/09/2008 00:00:00","17/12/1977 00:00:00","AW\karen-berg","karen-berg@adventureworks.com","654-555-0177","S","Karen Berg","654-555-0177","True","F","2","27,4038","74","57","True","False","Information Services","System.Byte[]",""
"181","147","404159499","319472946","Terrence","Earls","W","False","Production Technician - WC20","16/09/2008 00:00:00","08/07/1984 00:00:00","AW\terrence-earls","terrence-earls@adventureworks.com","110-555-0115","S","Terrence Earls","110-555-0115","False","M","1","14,0000","13","26","True","False","Production","System.Byte[]",""
"182","142","363910111","30845","Barbara","Moreland","C","False","Accountant","18/09/2008 00:00:00","04/08/1975 00:00:00","AW\barbara-moreland","barbara-moreland@adventureworks.com","822-555-0145","M","Barbara Moreland","822-555-0145","True","F","2","26,4423","58","49","True","False","Finance","System.Byte[]",""
"183","40","599942664","630184120","Chad","Niswonger","W","False","Production Technician - WC50","18/09/2008 00:00:00","04/03/1990 00:00:00","AW\chad-niswonger","chad-niswonger@adventureworks.com","559-555-0175","M","Chad Niswonger","559-555-0175","False","M","1","11,0000","99","69","True","False","Production","System.Byte[]",""
"184","138","993310268","386315192","Rostislav","Shabalin","E","False","Production Technician - WC30","19/09/2008 00:00:00","13/04/1977 00:00:00","AW\rostislav-shabalin","rostislav-shabalin@adventureworks.com","751-555-0134","M","Rostislav Shabalin","751-555-0134","False","M","1","9,5000","40","40","True","False","Production","System.Byte[]",""
"185","201","20244403","332349500","Belinda","Newman","M","False","Production Technician - WC45","20/09/2008 00:00:00","15/10/1974 00:00:00","AW\belinda-newman","belinda-newman@adventureworks.com","319-555-0126","S","Belinda Newman","319-555-0126","False","F","1","10,0000","83","61","True","False","Production","System.Byte[]",""
"186","23","862951447","277173473","Katie","McAskill-White","L","False","Production Supervisor - WC20","20/09/2008 00:00:00","18/06/1984 00:00:00","AW\katie-mcaskill-white","katie-mcaskill-white@adventureworks.com","809-555-0133","S","Katie McAskill-White","809-555-0133","False","F","2","25,0000","42","41","True","False","Production","System.Byte[]",""
"187","188","551346974","60114406","Russell","King","M","False","Production Technician - WC30","21/09/2008 00:00:00","11/09/1981 00:00:00","AW\russell-king","russell-king@adventureworks.com","517-555-0122","M","Russell King","517-555-0122","False","M","1","9,5000","24","32","True","False","Production","System.Byte[]",""
"188","23","60114406","277173473","Jack","Richins","S","False","Production Supervisor - WC30","21/09/2008 00:00:00","20/01/1983 00:00:00","AW\jack-richins","jack-richins@adventureworks.com","552-555-0111","S","Jack Richins","552-555-0111","False","M","2","25,0000","68","54","True","False","Production","System.Byte[]",""
"189","23","33237992","277173473","Andrew","Hill","R","False","Production Supervisor - WC10","22/09/2008 00:00:00","06/04/1988 00:00:00","AW\andrew-hill","andrew-hill@adventureworks.com","908-555-0159","S","Andrew Hill","908-555-0159","False","M","2","25,0000","65","52","True","False","Production","System.Byte[]",""
"190","89","1300049","750905084","Nicole","Holliday","B","False","Production Technician - WC40","22/09/2008 00:00:00","07/11/1985 00:00:00","AW\nicole-holliday","nicole-holliday@adventureworks.com","508-555-0129","M","Nicole Holliday","508-555-0129","False","F","1","15,0000","67","53","True","False","Production","System.Byte[]",""
"191","16","10708100","233069302","Frank","Miller","T","False","Production Technician - WC50","23/09/2008 00:00:00","21/02/1971 00:00:00","AW\frank-miller","frank-miller@adventureworks.com","167-555-0139","S","Frank Miller","167-555-0139","False","M","1","11,0000","10","25","True","False","Production","System.Byte[]",""
"192","154","672243793","858323870","Peter","Connelly","I","False","Network Administrator","23/09/2008 00:00:00","27/12/1979 00:00:00","AW\peter-connelly","peter-connelly@adventureworks.com","310-555-0133","S","Peter Connelly","310-555-0133","False","M","2","32,4519","69","54","True","False","Information Services","System.Byte[]",""
"193","111","63761469","45615666","Anibal","Sousa","T","False","Production Technician - WC20","23/09/2008 00:00:00","05/04/1974 00:00:00","AW\anibal-sousa","anibal-sousa@adventureworks.com","106-555-0120","S","Anibal Sousa","106-555-0120","False","F","1","14,0000","8","24","True","False","Production","System.Byte[]",""
"194","214","693168613","634335025","Ken","Myer","L","False","Production Technician - WC40","24/09/2008 00:00:00","26/12/1980 00:00:00","AW\ken-myer","ken-myer@adventureworks.com","949-555-0174","M","Ken Myer","949-555-0174","False","M","1","15,0000","51","45","True","False","Production","System.Byte[]",""
"195","32","476980013","535145551","Grant","Culbertson","N","False","Human Resources Administrative Assistant","25/09/2008 00:00:00","15/11/1975 00:00:00","AW\grant-culbertson","grant-culbertson@adventureworks.com","955-555-0131","S","Grant Culbertson","955-555-0131","False","M","2","13,9423","53","46","True","False","Human Resources","System.Byte[]",""
"196","40","334834274","630184120","Michael","Entin","T","False","Production Technician - WC50","25/09/2008 00:00:00","13/01/1989 00:00:00","AW\michael-entin","michael-entin@adventureworks.com","817-555-0186","S","Michael Entin","817-555-0186","False","M","1","11,0000","94","67","True","False","Production","System.Byte[]",""
"197","163","399658727","551834634","Lionel","Penuchot","C","False","Production Technician - WC45","26/09/2008 00:00:00","13/10/1987 00:00:00","AW\lionel-penuchot","lionel-penuchot@adventureworks.com","450-555-0152","S","Lionel Penuchot","450-555-0152","False","M","1","10,0000","78","59","True","False","Production","System.Byte[]",""
"198","9","500412746","309738752","Thomas","Michaels","R","False","Production Technician - WC60","26/09/2008 00:00:00","10/08/1985 00:00:00","AW\thomas-michaels","thomas-michaels@adventureworks.com","278-555-0118","M","Thomas Michaels","278-555-0118","False","M","1","12,4500","37","38","True","False","Production","System.Byte[]",""
"199","87","652779496","521265716","Jimmy","Bischoff","T","False","Stocker","26/09/2008 00:00:00","01/06/1990 00:00:00","AW\jimmy-bischoff","jimmy-bischoff@adventureworks.com","927-555-0168","M","Jimmy Bischoff","927-555-0168","False","M","1","9,0000","96","68","True","False","Shipping and Receiving","System.Byte[]",""
"200","138","878395493","386315192","Michael","Vanderhyde","T","False","Production Technician - WC30","26/09/2008 00:00:00","18/04/1982 00:00:00","AW\michael-vanderhyde","michael-vanderhyde@adventureworks.com","296-555-0121","M","Michael Vanderhyde","296-555-0121","False","M","1","9,5000","35","37","True","False","Production","System.Byte[]",""
"201","23","332349500","277173473","Lori","Kane","A","False","Production Supervisor - WC45","26/09/2008 00:00:00","16/02/1980 00:00:00","AW\lori-kane","lori-kane@adventureworks.com","289-555-0196","S","Lori Kane","289-555-0196","False","F","2","25,0000","76","58","True","False","Production","System.Byte[]",""
"202","278","792847334","895209680","Arvind","Rao","B","False","Buyer","28/09/2008 00:00:00","21/03/1974 00:00:00","AW\arvind-rao","arvind-rao@adventureworks.com","848-555-0163","M","Arvind Rao","848-555-0163","False","M","2","18,2692","60","50","True","False","Purchasing","System.Byte[]",""
"203","186","621932914","862951447","Stefen","Hesse","A","False","Production Technician - WC20","28/09/2008 00:00:00","21/07/1975 00:00:00","AW\stefen-hesse","stefen-hesse@adventureworks.com","165-555-0113","S","Stefen Hesse","165-555-0113","False","M","1","14,0000","19","29","True","False","Production","System.Byte[]",""
"204","23","398223854","277173473","Hazem","Abolrous","E","False","Quality Assurance Manager","28/09/2008 00:00:00","26/05/1977 00:00:00","AW\hazem-abolrous","hazem-abolrous@adventureworks.com","869-555-0125","S","Hazem Abolrous","869-555-0125","True","M","2","28,8462","80","60","True","False","Quality Assurance","System.Byte[]",""
"205","142","519756660","30845","Janet","Sheperdigian","L","False","Accounts Payable Specialist","29/09/2008 00:00:00","07/10/1978 00:00:00","AW\janet-sheperdigian","janet-sheperdigian@adventureworks.com","393-555-0186","M","Janet Sheperdigian","393-555-0186","False","F","2","19,0000","64","52","True","False","Finance","System.Byte[]",""
"206","76","912141525","778552911","Elizabeth","Keyser","I","False","Production Technician - WC50","30/09/2008 00:00:00","25/08/1989 00:00:00","AW\elizabeth-keyser","elizabeth-keyser@adventureworks.com","318-555-0137","M","Elizabeth Keyser","318-555-0137","False","F","1","11,0000","5","22","True","False","Production","System.Byte[]",""
"207","7","243322160","24756624","Terry","Eminhizer","J","False","Marketing Specialist","30/09/2008 00:00:00","04/09/1985 00:00:00","AW\terry-eminhizer","terry-eminhizer@adventureworks.com","138-555-0118","M","Terry Eminhizer","138-555-0118","False","M","2","14,4231","44","42","True","False","Marketing","System.Byte[]",""
"208","188","568626529","60114406","John","Frum","N","False","Production Technician - WC30","01/10/2008 00:00:00","22/10/1981 00:00:00","AW\john-frum","john-frum@adventureworks.com","663-555-0172","S","John Frum","663-555-0172","False","M","1","9,5000","27","33","True","False","Production","System.Byte[]",""
"209","177","301435199","578935259","Merav","Netz","A","False","Production Technician - WC30","01/10/2008 00:00:00","11/12/1982 00:00:00","AW\merav-netz","merav-netz@adventureworks.com","224-555-0187","M","Merav Netz","224-555-0187","False","F","1","9,5000","46","43","True","False","Production","System.Byte[]",""
"210","46","368691270","685233686","Brian","LaMee","P","False","Scheduling Assistant","01/10/2008 00:00:00","11/03/1984 00:00:00","AW\brian-lamee","brian-lamee@adventureworks.com","313-555-0196","M","Brian LaMee","313-555-0196","False","M","2","16,0000","48","44","True","False","Production Control","System.Byte[]",""
"211","40","211789056","630184120","Kitti","Lertpiriyasuwat","H","False","Production Technician - WC50","02/10/2008 00:00:00","04/01/1987 00:00:00","AW\kitti-lertpiriyasuwat","kitti-lertpiriyasuwat@adventureworks.com","785-555-0132","S","Kitti Lertpiriyasuwat","785-555-0132","False","F","1","11,0000","89","64","True","False","Production","System.Byte[]",""
"212","20","63179277","494170342","Jay","Adams","G","False","Production Technician - WC60","03/10/2008 00:00:00","11/09/1975 00:00:00","AW\jay-adams","jay-adams@adventureworks.com","407-555-0165","S","Jay Adams","407-555-0165","False","M","1","12,4500","32","36","True","False","Production","System.Byte[]",""
"213","188","587567941","60114406","Jan","Miksovsky","S","False","Production Technician - WC30","03/10/2008 00:00:00","15/06/1974 00:00:00","AW\jan-miksovsky","jan-miksovsky@adventureworks.com","139-555-0131","S","Jan Miksovsky","139-555-0131","False","M","1","9,5000","30","35","True","False","Production","System.Byte[]",""
"214","23","634335025","277173473","Brenda","Diaz","M","False","Production Supervisor - WC40","03/10/2008 00:00:00","28/09/1982 00:00:00","AW\brenda-diaz","brenda-diaz@adventureworks.com","142-555-0139","M","Brenda Diaz","142-555-0139","False","F","2","25,0000","71","55","True","False","Production","System.Byte[]",""
"215","126","65848458","712885347","Andrew","Cencini","M","False","Production Technician - WC45","04/10/2008 00:00:00","24/04/1988 00:00:00","AW\andrew-cencini","andrew-cencini@adventureworks.com","207-555-0192","S","Andrew Cencini","207-555-0192","False","M","1","10,0000","73","56","True","False","Production","System.Byte[]",""
"216","92","260805477","345106466","Chris","Norred","K","False","Control Specialist","04/10/2008 00:00:00","24/12/1986 00:00:00","AW\chris-norred","chris-norred@adventureworks.com","575-555-0126","M","Chris Norred","575-555-0126","False","M","2","16,8269","75","57","True","False","Document Control","System.Byte[]",""
"217","18","442121106","446466105","Chris","Okelberry","O","False","Production Technician - WC60","05/10/2008 00:00:00","07/03/1986 00:00:00","AW\chris-okelberry","chris-okelberry@adventureworks.com","315-555-0144","S","Chris Okelberry","315-555-0144","False","M","1","12,4500","16","28","True","False","Production","System.Byte[]",""
"218","147","300946911","319472946","Shelley","Dyck","N","False","Production Technician - WC20","05/10/2008 00:00:00","08/07/1986 00:00:00","AW\shelley-dyck","shelley-dyck@adventureworks.com","991-555-0184","S","Shelley Dyck","991-555-0184","False","F","1","14,0000","14","27","True","False","Production","System.Byte[]",""
"219","214","440379437","634335025","Gabe","Mares","B","False","Production Technician - WC40","06/10/2008 00:00:00","09/12/1987 00:00:00","AW\gabe-mares","gabe-mares@adventureworks.com","310-555-0117","M","Gabe Mares","310-555-0117","False","M","1","15,0000","57","48","True","False","Production","System.Byte[]",""
"220","142","480951955","30845","Mike","Seamans","K","False","Accountant","06/10/2008 00:00:00","29/01/1979 00:00:00","AW\mike-seamans","mike-seamans@adventureworks.com","927-555-0150","S","Mike Seamans","927-555-0150","True","M","2","26,4423","59","49","True","False","Finance","System.Byte[]",""
"221","162","879342154","134969118","Michael","Raheem","","False","Research and Development Manager","01/12/2008 00:00:00","30/06/1984 00:00:00","AW\michael-raheem","michael-raheem@adventureworks.com","330-555-2568","M","Michael Raheem","330-555-2568","True","M","2","42,4808","16","64","True","False","Research and Development","System.Byte[]",""
"222","152","141165819","519899904","Gary","Altman","E.","False","Facilities Manager","02/07/2009 00:00:00","18/09/1970 00:00:00","AW\gary-altman","gary-altman@adventureworks.com","110-555-0112","M","Gary Altman","110-555-0112","True","M","2","24,0385","86","63","True","False","Facilities and Maintenance","System.Byte[]",""
"223","20","537092325","494170342","Charles","Fitzgerald","B","False","Production Technician - WC60","03/07/2009 00:00:00","02/04/1971 00:00:00","AW\charles-fitzgerald","charles-fitzgerald@adventureworks.com","931-555-0118","S","Charles Fitzgerald","931-555-0118","False","M","1","12,4500","27","33","True","False","Production","System.Byte[]",""
"224","27","455563743","360868122","Ebru","Ersan","N","False","Production Technician - WC10","06/07/2009 00:00:00","22/04/1986 00:00:00","AW\ebru-ersan","ebru-ersan@adventureworks.com","202-555-0187","S","Ebru Ersan","202-555-0187","False","M","1","13,4500","93","66","True","False","Production","System.Byte[]",""
"225","111","701156975","45615666","Sylvester","Valdez","A","False","Production Technician - WC20","11/07/2009 00:00:00","12/06/1970 00:00:00","AW\sylvester-valdez","sylvester-valdez@adventureworks.com","492-555-0174","M","Sylvester Valdez","492-555-0174","False","M","1","14,0000","4","22","True","False","Production","System.Byte[]",""
"226","53","1662732","370989364","Brian","Goldstein","Richard","False","Production Technician - WC40","11/07/2009 00:00:00","23/07/1970 00:00:00","AW\brian-goldstein","brian-goldstein@adventureworks.com","730-555-0117","S","Brian Goldstein","730-555-0117","False","M","1","15,0000","63","51","True","False","Production","System.Byte[]",""
"227","278","407505660","895209680","Linda","Meisner","P","False","Buyer","17/07/2009 00:00:00","30/06/1970 00:00:00","AW\linda-meisner","linda-meisner@adventureworks.com","916-555-0165","M","Linda Meisner","916-555-0165","False","F","2","18,2692","56","48","True","False","Purchasing","System.Byte[]",""
"228","66","294148271","7201901","Betsy","Stadick","A","False","Production Technician - WC10","18/07/2009 00:00:00","17/07/1942 00:00:00","AW\betsy-stadick","betsy-stadick@adventureworks.com","405-555-0171","S","Betsy Stadick","405-555-0171","False","F","1","13,4500","99","69","True","False","Production","System.Byte[]",""
"229","222","552560652","141165819","Magnus","Hedlund","E","False","Facilities Administrative Assistant","21/07/2009 00:00:00","27/03/1971 00:00:00","AW\magnus-hedlund","magnus-hedlund@adventureworks.com","583-555-0182","M","Magnus Hedlund","583-555-0182","False","M","2","9,7500","87","63","True","False","Facilities and Maintenance","System.Byte[]",""
"230","20","834186596","494170342","Karan","Khanna","R","False","Production Technician - WC60","22/07/2009 00:00:00","05/10/1969 00:00:00","AW\karan-khanna","karan-khanna@adventureworks.com","447-555-0186","S","Karan Khanna","447-555-0186","False","M","1","12,4500","28","34","True","False","Production","System.Byte[]",""
"231","27","717889520","360868122","Mary","Baker","R","False","Production Technician - WC10","25/07/2009 00:00:00","19/04/1986 00:00:00","AW\mary-baker","mary-baker@adventureworks.com","283-555-0185","M","Mary Baker","283-555-0185","False","F","1","13,4500","94","67","True","False","Production","System.Byte[]",""
"232","27","801365500","360868122","Kevin","Homer","M","False","Production Technician - WC10","25/07/2009 00:00:00","19/04/1986 00:00:00","AW\kevin-homer","kevin-homer@adventureworks.com","555-555-0113","S","Kevin Homer","555-555-0113","False","M","1","13,4500","90","65","True","False","Production","System.Byte[]",""
"233","53","413787783","370989364","Mihail","Frintu","U","False","Production Technician - WC40","29/07/2009 00:00:00","07/10/1970 00:00:00","AW\mihail-frintu","mihail-frintu@adventureworks.com","733-555-0128","S","Mihail Frintu","733-555-0128","False","M","1","15,0000","64","52","True","False","Production","System.Byte[]",""
"234","189","109272464","33237992","Bonnie","Kearney","N","False","Production Technician - WC10","01/08/2009 00:00:00","10/04/1986 00:00:00","AW\bonnie-kearney","bonnie-kearney@adventureworks.com","264-555-0150","M","Bonnie Kearney","264-555-0150","False","F","1","13,4500","89","64","True","False","Production","System.Byte[]",""
"235","278","482810518","895209680","Fukiko","Ogisu","J","False","Buyer","04/08/2009 00:00:00","24/06/1970 00:00:00","AW\fukiko-ogisu","fukiko-ogisu@adventureworks.com","520-555-0177","M","Fukiko Ogisu","520-555-0177","False","M","2","18,2692","57","48","True","False","Purchasing","System.Byte[]",""
"236","111","113393530","45615666","Hung-Fu","Ting","T","False","Production Technician - WC20","06/08/2009 00:00:00","23/05/1971 00:00:00","AW\hung-fu-ting","hung-fu-ting@adventureworks.com","497-555-0181","S","Hung-Fu Ting","497-555-0181","False","M","1","14,0000","0","20","True","False","Production","System.Byte[]",""
"237","278","466142721","895209680","Gordon","Hee","L","False","Buyer","11/08/2009 00:00:00","29/06/1942 00:00:00","AW\gordon-hee","gordon-hee@adventureworks.com","230-555-0144","M","Gordon Hee","230-555-0144","False","M","2","18,2692","52","46","True","False","Purchasing","System.Byte[]",""
"238","66","390124815","7201901","Kimberly","Zimmerman","B","False","Production Technician - WC10","12/08/2009 00:00:00","13/04/1986 00:00:00","AW\kimberly-zimmerman","kimberly-zimmerman@adventureworks.com","123-555-0167","S","Kimberly Zimmerman","123-555-0167","False","F","1","13,4500","95","67","True","False","Production","System.Byte[]",""
"239","18","6298838","446466105","Kim","Abercrombie","B","False","Production Technician - WC60","16/08/2009 00:00:00","14/07/1942 00:00:00","AW\kim-abercrombie","kim-abercrombie@adventureworks.com","208-555-0114","M","Kim Abercrombie","208-555-0114","False","F","1","12,4500","24","32","True","False","Production","System.Byte[]",""
"240","53","943170460","370989364","Sandeep","Kaliyath","P","False","Production Technician - WC40","17/08/2009 00:00:00","03/07/1970 00:00:00","AW\sandeep-kaliyath","sandeep-kaliyath@adventureworks.com","166-555-0156","S","Sandeep Kaliyath","166-555-0156","False","M","1","15,0000","65","52","True","False","Production","System.Byte[]",""
"241","111","339233463","45615666","Prasanna","Samarawickrama","E","False","Production Technician - WC20","22/08/2009 00:00:00","28/11/1952 00:00:00","AW\prasanna-samarawickrama","prasanna-samarawickrama@adventureworks.com","129-555-0199","M","Prasanna Samarawickrama","129-555-0199","False","M","1","14,0000","5","22","True","False","Production","System.Byte[]",""
"242","278","367453993","895209680","Frank","Pellow","S","False","Buyer","23/08/2009 00:00:00","11/12/1951 00:00:00","AW\frank-pellow","frank-pellow@adventureworks.com","163-555-0147","M","Frank Pellow","163-555-0147","False","M","2","18,2692","58","49","True","False","Purchasing","System.Byte[]",""
"243","111","872923042","45615666","Min","Su","G","False","Production Technician - WC20","24/08/2009 00:00:00","10/04/1974 00:00:00","AW\min-su","min-su@adventureworks.com","590-555-0152","M","Min Su","590-555-0152","False","M","1","14,0000","1","20","True","False","Production","System.Byte[]",""
"244","53","697712387","370989364","Eric","Brown","L","False","Production Technician - WC40","24/08/2009 00:00:00","08/07/1942 00:00:00","AW\eric-brown","eric-brown@adventureworks.com","680-555-0118","M","Eric Brown","680-555-0118","False","M","1","15,0000","60","50","True","False","Production","System.Byte[]",""
"245","278","381073001","895209680","Eric","Kurjan","S","False","Buyer","27/08/2009 00:00:00","17/04/1972 00:00:00","AW\eric-kurjan","eric-kurjan@adventureworks.com","265-555-0195","S","Eric Kurjan","265-555-0195","False","M","2","18,2692","54","47","True","False","Purchasing","System.Byte[]",""
"246","51","646304055","553069203","Pat","Coleman","H","False","Janitor","27/08/2009 00:00:00","03/07/1970 00:00:00","AW\pat-coleman","pat-coleman@adventureworks.com","720-555-0158","S","Pat Coleman","720-555-0158","False","M","1","9,2500","89","64","True","False","Facilities and Maintenance","System.Byte[]",""
"247","20","414476027","494170342","Maciej","Dusza","W","False","Production Technician - WC60","29/08/2009 00:00:00","30/08/1954 00:00:00","AW\maciej-dusza","maciej-dusza@adventureworks.com","237-555-0128","S","Maciej Dusza","237-555-0128","False","M","1","12,4500","30","35","True","False","Production","System.Byte[]",""
"248","278","785853949","895209680","Erin","Hagens","M","False","Buyer","31/08/2009 00:00:00","04/08/1970 00:00:00","AW\erin-hagens","erin-hagens@adventureworks.com","842-555-0158","S","Erin Hagens","842-555-0158","False","F","2","18,2692","53","46","True","False","Purchasing","System.Byte[]",""
"249","66","90888098","7201901","Patrick","Wedge","C","False","Production Technician - WC10","01/09/2009 00:00:00","10/04/1986 00:00:00","AW\patrick-wedge","patrick-wedge@adventureworks.com","413-555-0124","S","Patrick Wedge","413-555-0124","False","M","1","13,4500","96","68","True","False","Production","System.Byte[]",""
"250","53","947029962","370989364","Frank","Martinez","R","False","Production Technician - WC40","05/09/2009 00:00:00","01/10/1951 00:00:00","AW\frank-martinez","frank-martinez@adventureworks.com","203-555-0196","M","Frank Martinez","203-555-0196","False","M","1","15,0000","66","53","True","False","Production","System.Byte[]",""
"251","18","461786517","446466105","Ed","Dudenhoefer","R","False","Production Technician - WC60","05/09/2009 00:00:00","11/04/1971 00:00:00","AW\ed-dudenhoefer","ed-dudenhoefer@adventureworks.com","919-555-0140","S","Ed Dudenhoefer","919-555-0140","False","M","1","12,4500","25","32","True","False","Production","System.Byte[]",""
"252","27","393421437","360868122","Christopher","Hill","E","False","Production Technician - WC10","08/09/2009 00:00:00","01/05/1986 00:00:00","AW\christopher-hill","christopher-hill@adventureworks.com","153-555-0166","M","Christopher Hill","153-555-0166","False","M","1","13,4500","91","65","True","False","Production","System.Byte[]",""
"253","53","988315686","370989364","Patrick","Cook","M","False","Production Technician - WC40","12/09/2009 00:00:00","23/07/1973 00:00:00","AW\patrick-cook","patrick-cook@adventureworks.com","425-555-0117","M","Patrick Cook","425-555-0117","False","M","1","15,0000","61","50","True","False","Production","System.Byte[]",""
"254","111","56772045","45615666","Krishna","Sunkammurali","","False","Production Technician - WC20","13/09/2009 00:00:00","05/04/1971 00:00:00","AW\krishna-sunkammurali","krishna-sunkammurali@adventureworks.com","491-555-0183","S","Krishna Sunkammurali","491-555-0183","False","M","1","14,0000","2","21","True","False","Production","System.Byte[]",""
"255","51","879334904","553069203","Lori","Penor","K","False","Janitor","16/09/2009 00:00:00","28/02/1970 00:00:00","AW\lori-penor","lori-penor@adventureworks.com","295-555-0161","M","Lori Penor","295-555-0161","False","F","1","9,2500","90","65","True","False","Facilities and Maintenance","System.Byte[]",""
"256","66","82638150","7201901","Danielle","Tiedt","C","False","Production Technician - WC10","20/09/2009 00:00:00","07/04/1986 00:00:00","AW\danielle-tiedt","danielle-tiedt@adventureworks.com","500-555-0172","S","Danielle Tiedt","500-555-0172","False","F","1","13,4500","97","68","True","False","Production","System.Byte[]",""
"257","43","343861179","885055826","Sootha","Charncherngkha","T","False","Quality Assurance Technician","23/09/2009 00:00:00","05/07/1942 00:00:00","AW\sootha-charncherngkha","sootha-charncherngkha@adventureworks.com","325-555-0137","M","Sootha Charncherngkha","325-555-0137","False","M","2","10,5769","85","62","True","False","Quality Assurance","System.Byte[]",""
"258","20","582347317","494170342","Michael","Zwilling","J","False","Production Technician - WC60","23/09/2009 00:00:00","05/04/1973 00:00:00","AW\michael-zwilling","michael-zwilling@adventureworks.com","582-555-0148","S","Michael Zwilling","582-555-0148","False","M","1","12,4500","26","33","True","False","Production","System.Byte[]",""
"259","20","8066363","494170342","Randy","Reeves","T","False","Production Technician - WC60","23/09/2009 00:00:00","26/11/1969 00:00:00","AW\randy-reeves","randy-reeves@adventureworks.com","961-555-0122","M","Randy Reeves","961-555-0122","False","M","1","12,4500","29","34","True","False","Production","System.Byte[]",""
"260","27","561196580","360868122","John","Kane","T","False","Production Technician - WC10","27/09/2009 00:00:00","28/04/1986 00:00:00","AW\john-kane","john-kane@adventureworks.com","254-555-0114","S","John Kane","254-555-0114","False","M","1","13,4500","92","66","True","False","Production","System.Byte[]",""
"261","53","58791499","370989364","Jack","Creasey","T","False","Production Technician - WC40","01/10/2009 00:00:00","29/03/1973 00:00:00","AW\jack-creasey","jack-creasey@adventureworks.com","521-555-0113","S","Jack Creasey","521-555-0113","False","M","1","15,0000","62","51","True","False","Production","System.Byte[]",""
"262","111","163347032","45615666","Olinda","Turner","C","False","Production Technician - WC20","02/10/2009 00:00:00","02/11/1969 00:00:00","AW\olinda-turner","olinda-turner@adventureworks.com","306-555-0186","S","Olinda Turner","306-555-0186","False","F","1","14,0000","3","21","True","False","Production","System.Byte[]",""
"263","51","28414965","553069203","Stuart","Macrae","J","False","Janitor","03/10/2009 00:00:00","17/07/1971 00:00:00","AW\stuart-macrae","stuart-macrae@adventureworks.com","539-555-0149","M","Stuart Macrae","539-555-0149","False","M","1","9,2500","88","64","True","False","Facilities and Maintenance","System.Byte[]",""
"264","51","153479919","553069203","Jo","Berry","L","False","Janitor","05/10/2009 00:00:00","22/11/1953 00:00:00","AW\jo-berry","jo-berry@adventureworks.com","228-555-0159","M","Jo Berry","228-555-0159","False","F","1","9,2500","91","65","True","False","Facilities and Maintenance","System.Byte[]",""
"265","278","20269531","895209680","Ben","Miller","T","False","Buyer","07/10/2009 00:00:00","01/01/1973 00:00:00","AW\ben-miller","ben-miller@adventureworks.com","151-555-0113","M","Ben Miller","151-555-0113","False","M","2","18,2692","55","47","True","False","Purchasing","System.Byte[]",""
"266","66","826454897","7201901","Tom","Vande Velde","M","False","Production Technician - WC10","08/10/2009 00:00:00","01/05/1986 00:00:00","AW\tom-vande-velde","tom-vande-velde@adventureworks.com","295-555-0161","M","Tom Vande Velde","295-555-0161","False","M","1","13,4500","98","69","True","False","Production","System.Byte[]",""
"267","3","974026903","509647174","Ovidiu","Cracium","V","False","Senior Tool Designer","05/07/2010 00:00:00","17/08/1977 00:00:00","AW\ovidiu-cracium","ovidiu-cracium@adventureworks.com","719-555-0181","S","Ovidiu Cracium","719-555-0181","False","M","2","28,8462","7","23","True","False","Tool Design","System.Byte[]",""
"268","278","437296311","895209680","Annette","Hill","L","False","Purchasing Assistant","06/07/2010 00:00:00","29/08/1977 00:00:00","AW\annette-hill","annette-hill@adventureworks.com","125-555-0196","M","Annette Hill","125-555-0196","False","F","2","12,7500","50","45","True","False","Purchasing","System.Byte[]",""
"269","267","486228782","974026903","Janice","Galvin","M","False","Tool Designer","23/07/2010 00:00:00","26/12/1988 00:00:00","AW\janice-galvin","janice-galvin@adventureworks.com","473-555-0117","M","Janice Galvin","473-555-0117","False","F","2","25,0000","8","24","True","False","Tool Design","System.Byte[]",""
"270","278","280633567","895209680","Reinout","Hillmann","N","False","Purchasing Assistant","25/07/2010 00:00:00","17/08/1977 00:00:00","AW\reinout-hillmann","reinout-hillmann@adventureworks.com","370-555-0163","M","Reinout Hillmann","370-555-0163","False","M","2","12,7500","51","45","True","False","Purchasing","System.Byte[]",""
"271","3","42487730","509647174","Michael","Sullivan","I","False","Senior Design Engineer","30/07/2010 00:00:00","14/01/1979 00:00:00","AW\michael-sullivan","michael-sullivan@adventureworks.com","465-555-0156","S","Michael Sullivan","465-555-0156","True","M","2","36,0577","3","21","True","False","Engineering","System.Byte[]",""
"272","277","502097814","112432117","Stephen","Jiang","Y","False","North American Sales Manager","04/08/2010 00:00:00","17/05/1951 00:00:00","AW\stephen-jiang","stephen-jiang@adventureworks.com","238-555-0197","M","Stephen Jiang","238-555-0197","True","M","2","48,1010","14","27","True","True","Sales","System.Byte[]","Sales Manager"
"273","7","323403273","24756624","Wanida","Benshoof","M","False","Marketing Assistant","07/08/2010 00:00:00","15/10/1974 00:00:00","AW\wanida-benshoof","wanida-benshoof@adventureworks.com","708-555-0141","M","Wanida Benshoof","708-555-0141","False","F","2","13,4615","41","40","True","False","Marketing","System.Byte[]",""
"274","3","56920285","509647174","Sharon","Salavaria","B","False","Design Engineer","18/08/2010 00:00:00","30/11/1960 00:00:00","AW\sharon-salavaria","sharon-salavaria@adventureworks.com","970-555-0138","M","Sharon Salavaria","970-555-0138","True","F","2","32,6923","4","22","True","False","Engineering","System.Byte[]",""
"275","7","222969461","24756624","John","Wood","L","False","Marketing Specialist","07/09/2010 00:00:00","04/10/1977 00:00:00","AW\john-wood","john-wood@adventureworks.com","486-555-0150","S","John Wood","486-555-0150","False","M","2","14,4231","48","44","True","False","Marketing","System.Byte[]",""
"276","7","52541318","24756624","Mary","Dempsey","A","False","Marketing Assistant","14/09/2010 00:00:00","29/08/1977 00:00:00","AW\mary-dempsey","mary-dempsey@adventureworks.com","124-555-0114","S","Mary Dempsey","124-555-0114","False","F","2","13,4615","43","41","True","False","Marketing","System.Byte[]",""
"277","277","112432117","112432117","Brian","Welcker","S","False","Director of Sales","15/09/2010 00:00:00","04/01/1977 00:00:00","AW\brian-welcker","brian-welcker@adventureworks.com","716-555-0127","S","Brian Welcker","716-555-0127","True","M","2","72,1154","10","25","True","True","Sales","System.Byte[]","Sales Director"
"278","73","895209680","121491555","Sheela","Word","H","False","Purchasing Manager","25/09/2010 00:00:00","10/09/1977 00:00:00","AW\sheela-word","sheela-word@adventureworks.com","210-555-0193","S","Sheela Word","210-555-0193","True","F","2","30,0000","49","44","True","False","Purchasing","System.Byte[]",""
"279","73","895209680","121491555","Sheela","Word","H","False","Purchasing Manager","25/09/2010 00:00:00","10/09/1977 00:00:00","AW\sheela-word","sheela-word@adventureworks.com","210-555-0193","S","Sheela Word","210-555-0193","True","F","2","30,0000","49","44","True","False","Purchasing","System.Byte[]",""
"280","73","895209680","121491555","Sheela","Word","H","False","Purchasing Manager","25/09/2010 00:00:00","10/09/1977 00:00:00","AW\sheela-word","sheela-word@adventureworks.com","210-555-0193","S","Sheela Word","210-555-0193","True","F","2","30,0000","49","44","True","False","Purchasing","System.Byte[]",""
"281","272","841560125","502097814","Michael","Blythe","G","False","Sales Representative","29/12/2010 00:00:00","25/07/1968 00:00:00","AW\michael-blythe","michael-blythe@adventureworks.com","257-555-0154","S","Michael Blythe","257-555-0154","True","M","2","23,0769","38","39","True","True","Sales","System.Byte[]","Sales Representative"
"282","272","191644724","502097814","Linda","Mitchell","C","False","Sales Representative","29/12/2010 00:00:00","27/09/1979 00:00:00","AW\linda-mitchell","linda-mitchell@adventureworks.com","883-555-0116","M","Linda Mitchell","883-555-0116","True","F","2","23,0769","27","33","True","True","Sales","System.Byte[]","Sales Representative"
"283","272","615389812","502097814","Jillian","Carson","","False","Sales Representative","29/12/2010 00:00:00","29/03/1962 00:00:00","AW\jillian-carson","jillian-carson@adventureworks.com","517-555-0117","S","Jillian Carson","517-555-0117","True","F","2","23,0769","24","32","True","True","Sales","System.Byte[]","Sales Representative"
"284","272","234474252","502097814","Garrett","Vargas","R","False","Sales Representative","29/12/2010 00:00:00","04/09/1974 00:00:00","AW\garrett-vargas","garrett-vargas@adventureworks.com","922-555-0165","M","Garrett Vargas","922-555-0165","True","M","2","23,0769","33","36","True","True","Sales","System.Byte[]","Sales Representative"
"285","272","716374314","502097814","Tsvi","Reiter","Michael","False","Sales Representative","29/12/2010 00:00:00","18/08/1973 00:00:00","AW\tsvi-reiter","tsvi-reiter@adventureworks.com","664-555-0112","M","Tsvi Reiter","664-555-0112","True","M","2","23,0769","29","34","True","True","Sales","System.Byte[]","Sales Representative"
"286","272","61161660","502097814","Pamela","Ansman-Wolfe","O","False","Sales Representative","29/12/2010 00:00:00","06/07/1974 00:00:00","AW\pamela-ansman-wolfe","pamela-ansman-wolfe@adventureworks.com","340-555-0193","S","Pamela Ansman-Wolfe","340-555-0193","True","F","2","23,0769","22","31","True","True","Sales","System.Byte[]","Sales Representative"
"287","272","139397894","502097814","Shu","Ito","K","False","Sales Representative","29/12/2010 00:00:00","08/10/1943 00:00:00","AW\shu-ito","shu-ito@adventureworks.com","330-555-0120","M","Shu Ito","330-555-0120","True","M","2","23,0769","26","33","True","True","Sales","System.Byte[]","Sales Representative"
"288","272","399771412","502097814","José","Saraiva","Edvaldo","False","Sales Representative","29/12/2010 00:00:00","11/07/1939 00:00:00","AW\jose-saraiva","jose-saraiva@adventureworks.com","185-555-0169","M","José Saraiva","185-555-0169","True","M","2","23,0769","31","35","True","True","Sales","System.Byte[]","Sales Representative"
"289","272","987554265","502097814","David","Campbell","R","False","Sales Representative","29/12/2010 00:00:00","11/09/1973 00:00:00","AW\david.campbell","david-campbell@adventureworks.com","740-555-0182","S","David Campbell","740-555-0182","True","M","2","23,0769","23","31","True","True","Sales","System.Byte[]","Sales Representative"
"290","277","982310417","112432117","Amy","Alberts","E","False","European Sales Manager","15/11/2011 00:00:00","20/04/1957 00:00:00","AW\amy-alberts","amy-alberts@adventureworks.com","775-555-0164","M","Amy Alberts","775-555-0164","True","F","2","48,1010","21","30","True","True","Sales","System.Byte[]","Sales Manager"
"291","290","668991357","982310417","Jae","Pak","B","False","Sales Representative","29/12/2011 00:00:00","16/10/1967 00:00:00","AW\jae-pak","jae-pak@adventureworks.com","1 (11) 500 555-0145","M","Jae Pak","1 (11) 500 555-0145","True","F","2","23,0769","37","38","True","True","Sales","System.Byte[]","Sales Representative"
"292","290","134219713","982310417","Ranjit","Varkey Chudukatil","R","False","Sales Representative","29/12/2011 00:00:00","30/04/1975 00:00:00","AW\ranjit-varkey-chudukatil","ranjit-varkey-chudukatil@adventureworks.com","1 (11) 500 555-0117","S","Ranjit Varkey Chudukatil","1 (11) 500 555-0117","True","M","2","23,0769","34","37","True","True","Sales","System.Byte[]","Sales Representative"
"293","272","90836195","502097814","Tete","Mensa-Annan","A","False","Sales Representative","30/04/2012 00:00:00","05/08/1977 00:00:00","AW\tete-mensa-annan","tete-mensa-annan@adventureworks.com","615-555-0153","M","Tete Mensa-Annan","615-555-0153","True","M","2","23,0769","39","39","True","True","Sales","System.Byte[]","Sales Representative"
"294","277","481044938","112432117","Syed","Abbas","E","False","Pacific Sales Manager","12/10/2012 00:00:00","11/08/1974 00:00:00","AW\syed-abbas","syed-abbas@adventureworks.com","926-555-0182","M","Syed Abbas","926-555-0182","True","M","2","48,1010","20","30","True","True","Sales","System.Byte[]","Sales Manager"
"295","290","954276278","982310417","Rachel","Valdez","B","False","Sales Representative","28/12/2012 00:00:00","06/02/1975 00:00:00","AW\rachel-valdez","rachel-valdez@adventureworks.com","1 (11) 500 555-0140","S","Rachel Valdez","1 (11) 500 555-0140","True","F","2","23,0769","35","37","True","True","Sales","System.Byte[]","Sales Representative"
"296","294","758596752","481044938","Lynn","Tsoflias","N","False","Sales Representative","28/12/2012 00:00:00","16/10/1970 00:00:00","AW\lynn-tsoflias","lynn-tsoflias@adventureworks.com","1 (11) 500 555-0190","S","Lynn Tsoflias","1 (11) 500 555-0190","True","F","2","23,0769","36","38","True","True","Sales","System.Byte[]","Sales Representative"
